age,duration_months,amount,installment_rate,existing_credits,num_dependents,checking_status,credit_history,purpose,savings,employment,personal_status,property,housing,job,default
56,58,2264,4,3,2,>=200,delayed,furniture,unknown,>=7,male married,real estate,rent,skilled,0
69,7,7209,3,3,2,>=200,all paid,radio/TV,500<=X<1000,unemployed,male single,real estate,own,skilled,0
46,18,13187,4,2,1,none,all paid,education,<100,4<=X<7,male married,unknown,free,management,0
32,48,4743,4,2,1,0<=X<200,no credits,education,100<=X<500,1<=X<4,male divorced,unknown,rent,skilled,0
60,48,1207,3,2,1,<0,all paid,radio/TV,unknown,unemployed,male single,real estate,free,skilled,0
25,53,5645,4,2,1,<0,critical,car,500<=X<1000,4<=X<7,male divorced,real estate,own,skilled,0
38,16,10906,3,1,1,none,all paid,radio/TV,>=1000,>=7,female,car,free,skilled,0
56,56,14949,1,2,2,>=200,all paid,other,500<=X<1000,<1,male divorced,savings,rent,skilled,0
36,52,11918,2,1,2,none,all paid,car,100<=X<500,1<=X<4,male single,car,rent,management,1
40,28,9639,2,3,2,0<=X<200,all paid,furniture,100<=X<500,1<=X<4,male married,real estate,free,unskilled,0
28,21,13481,4,2,1,0<=X<200,all paid,radio/TV,<100,4<=X<7,male single,unknown,rent,unemployed,0
28,36,1635,4,1,1,<0,critical,car,<100,unemployed,male divorced,real estate,rent,management,0
41,16,771,4,2,1,none,all paid,furniture,100<=X<500,>=7,male divorced,unknown,rent,skilled,0
70,59,2582,2,3,2,>=200,all paid,radio/TV,unknown,4<=X<7,male married,unknown,own,management,0
53,21,5284,1,3,2,none,all paid,education,unknown,<1,female,unknown,own,skilled,0
57,13,16861,1,3,1,0<=X<200,critical,radio/TV,>=1000,<1,male single,unknown,rent,unskilled,1
41,9,13707,2,2,2,>=200,all paid,business,<100,<1,male married,savings,free,skilled,0
20,45,7259,1,2,1,>=200,no credits,radio/TV,>=1000,4<=X<7,male married,real estate,own,unskilled,0
39,9,18471,2,1,2,0<=X<200,delayed,business,<100,>=7,male married,car,free,skilled,0
70,30,12971,1,3,2,none,all paid,furniture,100<=X<500,1<=X<4,male single,unknown,rent,skilled,0
19,8,17849,3,2,2,none,all paid,radio/TV,unknown,unemployed,male single,unknown,rent,skilled,0
41,37,7691,3,3,1,none,all paid,furniture,unknown,1<=X<4,male single,car,free,skilled,0
61,8,14727,2,3,2,none,delayed,furniture,100<=X<500,>=7,female,car,own,skilled,0
47,32,17624,1,1,2,0<=X<200,all paid,car,>=1000,1<=X<4,male married,unknown,free,management,0
55,34,15059,4,1,1,0<=X<200,delayed,furniture,>=1000,4<=X<7,male divorced,car,free,unskilled,1
19,37,8273,1,1,2,none,delayed,furniture,500<=X<1000,<1,male divorced,car,rent,skilled,0
38,55,9277,3,1,1,<0,all paid,radio/TV,<100,>=7,male married,savings,own,unskilled,0
50,56,19336,3,3,1,none,all paid,radio/TV,>=1000,>=7,male divorced,car,free,skilled,0
29,24,11583,1,1,1,none,all paid,education,100<=X<500,1<=X<4,female,real estate,own,unskilled,1
39,26,16578,1,1,1,>=200,delayed,car,>=1000,4<=X<7,female,real estate,rent,skilled,1
61,10,2553,4,1,1,none,all paid,furniture,unknown,1<=X<4,male single,real estate,own,skilled,0
42,23,4999,4,1,2,0<=X<200,all paid,car,<100,1<=X<4,male single,unknown,rent,unskilled,0
66,33,17270,1,3,1,0<=X<200,all paid,business,500<=X<1000,>=7,male single,real estate,own,management,0
44,47,12139,1,1,1,<0,critical,furniture,<100,1<=X<4,male single,savings,free,unskilled,0
59,27,2628,1,3,1,0<=X<200,all paid,car,unknown,<1,male single,real estate,rent,skilled,0
45,26,11496,1,2,1,0<=X<200,critical,education,unknown,1<=X<4,male divorced,unknown,free,unskilled,0
33,11,8013,2,3,2,0<=X<200,all paid,education,unknown,<1,male divorced,savings,rent,skilled,0
32,6,14614,1,3,1,none,no credits,furniture,unknown,>=7,male single,real estate,own,skilled,0
64,10,12001,4,1,2,none,all paid,business,100<=X<500,4<=X<7,female,savings,own,skilled,0
68,46,11945,3,2,1,<0,all paid,education,500<=X<1000,<1,male divorced,savings,rent,unskilled,0
61,17,13225,2,2,2,0<=X<200,all paid,education,unknown,4<=X<7,female,unknown,rent,skilled,0
72,31,3556,1,2,1,none,no credits,business,unknown,4<=X<7,female,unknown,rent,skilled,0
69,51,14488,3,2,1,<0,critical,car,>=1000,<1,male married,savings,own,skilled,0
74,39,6740,2,3,2,<0,delayed,education,500<=X<1000,>=7,male married,real estate,rent,skilled,0
20,54,16622,3,2,1,<0,delayed,radio/TV,<100,unemployed,male single,unknown,rent,skilled,0
54,19,3542,1,3,2,>=200,all paid,other,500<=X<1000,4<=X<7,female,savings,free,skilled,0
68,31,9278,1,3,1,<0,all paid,other,500<=X<1000,4<=X<7,male divorced,car,rent,skilled,0
24,50,3044,4,3,2,none,no credits,education,500<=X<1000,>=7,male married,car,free,unskilled,0
38,32,10596,1,2,1,0<=X<200,delayed,car,unknown,>=7,male married,unknown,free,skilled,0
26,14,17682,1,1,1,>=200,critical,car,unknown,1<=X<4,female,real estate,free,skilled,0
56,31,18407,2,1,2,0<=X<200,all paid,furniture,100<=X<500,>=7,male married,car,own,skilled,0
35,52,14198,4,2,1,0<=X<200,all paid,radio/TV,<100,4<=X<7,male married,car,free,skilled,0
21,27,13461,2,1,1,>=200,all paid,car,>=1000,<1,male divorced,car,rent,management,0
42,52,19739,3,1,1,none,all paid,business,500<=X<1000,unemployed,female,real estate,own,unskilled,1
31,35,3293,1,3,1,none,all paid,radio/TV,<100,1<=X<4,male married,real estate,own,skilled,0
67,48,11922,3,3,1,>=200,delayed,other,<100,<1,female,unknown,own,management,0
26,53,19480,2,2,1,none,delayed,radio/TV,100<=X<500,unemployed,male married,unknown,own,skilled,1
43,22,11845,1,2,2,none,all paid,business,>=1000,unemployed,male divorced,car,own,skilled,1
70,31,15283,1,1,2,none,no credits,education,500<=X<1000,unemployed,female,real estate,own,skilled,0
19,41,1188,2,3,2,<0,critical,business,>=1000,<1,male married,savings,own,unskilled,0
37,6,6646,2,2,1,<0,all paid,business,100<=X<500,1<=X<4,male divorced,car,free,skilled,0
45,13,16535,2,2,2,0<=X<200,no credits,education,unknown,1<=X<4,male married,unknown,rent,skilled,1
64,54,16333,2,2,1,>=200,all paid,education,<100,unemployed,female,real estate,rent,unskilled,1
24,40,1882,2,2,1,0<=X<200,no credits,education,500<=X<1000,<1,male married,unknown,free,skilled,0
61,57,5826,1,2,1,0<=X<200,all paid,education,unknown,unemployed,female,unknown,free,skilled,0
25,20,7624,2,2,1,none,delayed,education,100<=X<500,>=7,female,real estate,own,skilled,1
64,52,13057,1,1,2,none,all paid,business,>=1000,1<=X<4,male married,car,own,skilled,0
52,27,12355,1,3,1,none,all paid,furniture,<100,4<=X<7,male divorced,real estate,free,skilled,0
31,19,17517,2,3,2,0<=X<200,delayed,furniture,500<=X<1000,unemployed,male single,car,own,skilled,1
34,31,11625,2,2,1,>=200,all paid,car,unknown,>=7,male divorced,unknown,rent,unskilled,1
53,33,2180,4,3,2,0<=X<200,critical,furniture,unknown,1<=X<4,male divorced,real estate,rent,skilled,1
67,28,15722,1,3,2,<0,critical,other,<100,<1,male married,savings,own,skilled,0
57,19,19640,2,3,2,<0,no credits,furniture,>=1000,1<=X<4,male divorced,car,own,management,0
21,29,9184,2,2,2,0<=X<200,delayed,business,100<=X<500,<1,male divorced,savings,own,unskilled,0
19,7,17375,2,2,2,0<=X<200,all paid,education,>=1000,<1,male single,car,rent,skilled,1
23,50,16083,4,3,2,none,critical,education,>=1000,unemployed,male divorced,real estate,own,skilled,1
71,31,5590,4,3,1,<0,all paid,business,>=1000,unemployed,male single,savings,free,skilled,0
59,19,18839,3,2,2,none,critical,other,<100,1<=X<4,male married,real estate,own,unskilled,0
21,56,1807,1,1,1,>=200,delayed,furniture,<100,>=7,male single,car,free,skilled,0
71,12,6773,3,3,2,0<=X<200,all paid,business,100<=X<500,1<=X<4,female,car,own,management,0
46,8,17568,2,1,1,0<=X<200,all paid,car,>=1000,4<=X<7,female,car,own,skilled,0
35,52,5976,4,3,2,0<=X<200,critical,education,<100,<1,male single,car,rent,skilled,0
43,28,3876,4,1,2,>=200,critical,radio/TV,100<=X<500,<1,female,unknown,free,skilled,0
61,51,3580,3,1,1,0<=X<200,no credits,car,100<=X<500,unemployed,male married,car,free,skilled,1
51,48,8911,4,1,2,<0,delayed,other,>=1000,>=7,female,savings,free,skilled,0
27,52,8982,2,2,2,<0,all paid,car,500<=X<1000,unemployed,male single,car,rent,management,1
53,50,17634,4,1,2,>=200,no credits,business,>=1000,4<=X<7,male married,real estate,free,management,0
31,23,14197,3,1,1,none,all paid,furniture,500<=X<1000,1<=X<4,female,unknown,rent,skilled,1
48,43,6542,2,1,2,0<=X<200,all paid,education,100<=X<500,1<=X<4,male married,savings,own,skilled,0
65,40,17543,3,3,1,none,delayed,other,<100,>=7,male single,unknown,own,management,1
32,56,6259,4,1,2,>=200,all paid,other,unknown,unemployed,female,unknown,free,skilled,0
25,20,9084,3,3,2,none,delayed,radio/TV,100<=X<500,unemployed,male married,unknown,own,skilled,0
31,30,5855,3,1,1,none,no credits,car,<100,4<=X<7,male married,real estate,own,skilled,0
40,42,12291,1,1,2,>=200,all paid,radio/TV,100<=X<500,1<=X<4,female,unknown,free,skilled,0
74,33,19530,4,2,2,>=200,all paid,furniture,>=1000,unemployed,male married,unknown,own,skilled,0
57,15,15451,4,3,1,none,all paid,furniture,500<=X<1000,>=7,male married,car,free,management,0
38,44,726,3,1,2,0<=X<200,no credits,radio/TV,100<=X<500,1<=X<4,male single,real estate,free,skilled,0
33,22,3424,1,3,1,0<=X<200,all paid,education,<100,4<=X<7,male single,savings,own,skilled,0
62,44,15269,4,3,1,<0,all paid,furniture,>=1000,>=7,male single,savings,own,skilled,1
35,27,11736,2,2,1,none,all paid,radio/TV,unknown,<1,male single,savings,own,management,0
64,31,13747,3,2,2,none,all paid,car,>=1000,4<=X<7,male single,real estate,own,skilled,1
70,49,18459,4,2,1,<0,all paid,radio/TV,500<=X<1000,>=7,male single,savings,own,unskilled,0
41,30,1963,2,2,1,>=200,critical,radio/TV,>=1000,unemployed,female,real estate,rent,unskilled,0
43,22,8912,4,2,2,0<=X<200,critical,business,unknown,<1,male single,car,own,skilled,0
42,18,5997,2,2,1,<0,all paid,furniture,<100,4<=X<7,male married,car,rent,skilled,0
62,25,9408,3,2,2,none,all paid,education,100<=X<500,unemployed,female,real estate,free,skilled,1
58,30,5309,4,2,2,0<=X<200,all paid,education,500<=X<1000,<1,male married,savings,own,unskilled,0
46,9,16700,4,1,2,<0,critical,business,unknown,1<=X<4,male single,real estate,own,management,1
32,15,2633,1,3,2,>=200,no credits,other,500<=X<1000,unemployed,male single,real estate,own,skilled,0
62,8,17167,3,2,1,none,all paid,education,>=1000,>=7,male married,unknown,free,skilled,0
18,46,4367,2,2,1,<0,all paid,radio/TV,500<=X<1000,4<=X<7,male married,real estate,rent,skilled,0
42,50,17973,4,3,1,>=200,all paid,business,unknown,<1,male married,unknown,rent,skilled,1
24,23,8557,4,1,1,>=200,all paid,car,100<=X<500,unemployed,male divorced,car,own,skilled,0
26,52,6354,2,3,1,<0,delayed,furniture,100<=X<500,1<=X<4,male divorced,unknown,own,skilled,1
41,41,9120,3,3,2,<0,all paid,furniture,500<=X<1000,4<=X<7,male divorced,real estate,own,unskilled,1
18,52,18627,1,2,1,>=200,delayed,furniture,<100,4<=X<7,male divorced,car,own,skilled,1
61,27,17362,1,3,1,0<=X<200,all paid,radio/TV,500<=X<1000,unemployed,female,unknown,free,skilled,0
25,39,413,4,3,1,none,no credits,car,>=1000,1<=X<4,male single,real estate,own,skilled,0
41,52,3962,2,2,2,none,critical,business,100<=X<500,<1,male married,car,free,skilled,0
28,13,13599,4,2,2,none,all paid,business,100<=X<500,unemployed,male single,unknown,own,skilled,0
68,45,9968,2,2,1,0<=X<200,delayed,furniture,100<=X<500,<1,male married,real estate,rent,unskilled,0
34,54,10840,1,2,2,none,all paid,car,<100,4<=X<7,male single,real estate,rent,management,0
25,49,6931,3,3,1,0<=X<200,no credits,car,<100,<1,female,savings,own,management,0
52,24,19701,2,3,1,0<=X<200,critical,car,unknown,1<=X<4,male divorced,savings,own,skilled,0
52,47,5991,1,1,2,<0,all paid,education,500<=X<1000,>=7,male single,unknown,free,unskilled,0
50,46,16022,4,1,2,<0,critical,education,500<=X<1000,1<=X<4,male married,unknown,own,unskilled,0
22,42,8983,2,3,1,>=200,all paid,furniture,>=1000,<1,male single,unknown,own,unskilled,0
59,11,13821,3,1,1,0<=X<200,critical,car,100<=X<500,unemployed,female,real estate,own,skilled,0
56,57,16219,4,3,2,0<=X<200,no credits,other,<100,4<=X<7,female,unknown,rent,skilled,0
58,31,2920,4,1,1,>=200,all paid,car,>=1000,>=7,male single,real estate,free,skilled,0
45,39,9105,1,2,2,0<=X<200,delayed,business,>=1000,unemployed,male divorced,unknown,rent,skilled,0
24,50,9327,2,1,1,>=200,critical,business,<100,unemployed,male married,real estate,free,skilled,1
26,11,16585,4,2,2,0<=X<200,critical,furniture,500<=X<1000,1<=X<4,female,real estate,rent,skilled,0
25,42,6568,3,2,1,none,delayed,other,100<=X<500,<1,female,savings,own,unskilled,0
29,38,14256,2,2,1,none,critical,car,500<=X<1000,1<=X<4,male single,car,rent,skilled,1
51,58,12436,3,2,2,0<=X<200,all paid,other,>=1000,<1,female,real estate,rent,skilled,1
50,27,18533,4,1,1,0<=X<200,all paid,furniture,100<=X<500,1<=X<4,female,unknown,free,unskilled,1
65,26,14651,3,3,1,0<=X<200,all paid,business,unknown,unemployed,male married,savings,free,unskilled,0
72,11,17501,1,2,2,none,all paid,business,>=1000,4<=X<7,male divorced,unknown,rent,management,0
40,11,19758,3,1,1,0<=X<200,all paid,education,500<=X<1000,<1,male married,unknown,free,skilled,0
41,53,10633,2,2,1,0<=X<200,all paid,furniture,500<=X<1000,>=7,male divorced,real estate,free,skilled,0
54,9,15725,3,1,1,<0,all paid,furniture,500<=X<1000,>=7,male married,real estate,free,skilled,0
52,35,289,3,1,2,0<=X<200,delayed,car,<100,unemployed,male single,car,free,skilled,0
61,16,18293,1,1,2,0<=X<200,all paid,car,>=1000,1<=X<4,female,real estate,free,skilled,0
57,35,10561,3,3,2,none,all paid,education,100<=X<500,1<=X<4,male divorced,real estate,rent,unskilled,0
39,36,16569,3,1,1,0<=X<200,all paid,radio/TV,500<=X<1000,unemployed,male single,car,free,management,1
44,29,3241,4,1,1,0<=X<200,delayed,other,500<=X<1000,>=7,female,unknown,own,skilled,0
52,14,305,4,3,1,none,delayed,radio/TV,<100,>=7,female,car,rent,unskilled,0
18,8,9278,2,3,1,none,delayed,radio/TV,100<=X<500,1<=X<4,female,car,rent,skilled,0
52,56,18479,4,1,2,0<=X<200,all paid,furniture,>=1000,<1,male married,car,rent,skilled,0
54,36,6290,4,3,1,0<=X<200,all paid,other,unknown,4<=X<7,male single,savings,free,skilled,0
64,45,6282,4,2,1,0<=X<200,no credits,furniture,<100,<1,male single,unknown,own,skilled,0
31,42,17218,4,2,1,none,all paid,other,>=1000,>=7,female,savings,free,skilled,1
20,41,2125,1,3,2,<0,all paid,business,unknown,<1,male divorced,savings,rent,unemployed,0
18,29,18640,4,3,1,none,no credits,furniture,500<=X<1000,4<=X<7,male single,real estate,rent,unskilled,1
22,36,7117,1,1,1,>=200,all paid,furniture,500<=X<1000,<1,male married,car,rent,skilled,0
43,11,19728,1,3,1,>=200,critical,furniture,100<=X<500,<1,male divorced,car,rent,management,1
72,7,752,4,1,1,<0,critical,education,unknown,<1,male divorced,savings,free,unskilled,0
31,25,4111,3,2,1,0<=X<200,all paid,furniture,500<=X<1000,<1,male divorced,real estate,own,management,0
56,33,3589,1,3,2,0<=X<200,no credits,car,500<=X<1000,unemployed,male divorced,real estate,own,management,0
44,16,13829,3,1,1,<0,all paid,car,100<=X<500,>=7,male single,real estate,rent,management,0
26,9,2630,3,1,1,>=200,all paid,other,>=1000,4<=X<7,female,unknown,own,skilled,0
32,20,658,4,2,1,none,critical,business,500<=X<1000,>=7,male divorced,savings,rent,skilled,0
32,11,13595,2,3,1,>=200,all paid,education,<100,unemployed,male married,unknown,rent,skilled,0
43,59,407,4,2,1,none,delayed,other,<100,unemployed,male married,real estate,own,unemployed,0
59,54,1099,2,1,1,<0,all paid,car,>=1000,unemployed,female,real estate,rent,unskilled,0
30,35,11853,2,1,1,0<=X<200,critical,education,unknown,unemployed,male single,real estate,own,skilled,0
68,43,16605,4,3,1,<0,all paid,education,100<=X<500,<1,female,car,rent,skilled,0
49,56,8801,4,1,1,>=200,delayed,business,<100,>=7,male divorced,savings,own,unskilled,0
56,7,1094,2,3,1,none,all paid,education,<100,1<=X<4,male single,car,rent,skilled,0
66,20,714,4,2,2,>=200,delayed,furniture,>=1000,4<=X<7,male single,unknown,own,skilled,0
69,16,4309,2,3,2,<0,all paid,education,unknown,unemployed,male divorced,car,rent,skilled,1
49,13,13458,3,3,2,0<=X<200,all paid,business,unknown,>=7,male married,savings,rent,skilled,0
21,31,15513,4,1,2,>=200,critical,other,>=1000,unemployed,male divorced,car,rent,unemployed,0
47,56,15549,3,1,1,0<=X<200,critical,business,<100,unemployed,female,real estate,own,skilled,0
54,50,7379,1,3,2,none,critical,business,100<=X<500,unemployed,male divorced,unknown,free,skilled,1
40,49,10526,3,1,2,none,delayed,car,<100,unemployed,male married,unknown,rent,skilled,0
56,10,11987,3,1,1,>=200,delayed,furniture,unknown,unemployed,male divorced,real estate,rent,skilled,0
62,11,1760,2,1,2,0<=X<200,no credits,car,<100,4<=X<7,female,real estate,own,skilled,0
32,31,13812,3,3,2,0<=X<200,all paid,other,100<=X<500,>=7,female,real estate,rent,management,0
60,59,17850,4,1,1,<0,all paid,radio/TV,500<=X<1000,unemployed,male married,savings,rent,skilled,0
46,9,4980,2,3,1,0<=X<200,delayed,other,<100,unemployed,female,car,rent,skilled,1
53,24,18511,1,1,1,0<=X<200,all paid,furniture,>=1000,unemployed,female,unknown,rent,unskilled,1
30,25,12094,4,2,2,>=200,all paid,education,500<=X<1000,unemployed,male divorced,car,free,skilled,1
49,38,2556,1,1,2,>=200,all paid,business,>=1000,<1,male single,real estate,free,skilled,0
24,25,4990,3,1,1,<0,delayed,radio/TV,>=1000,<1,female,real estate,rent,unskilled,0
68,54,16890,4,3,1,0<=X<200,all paid,furniture,>=1000,1<=X<4,female,car,rent,skilled,0
39,17,10381,4,3,2,<0,all paid,car,<100,unemployed,male married,unknown,rent,skilled,0
45,52,7257,1,1,1,<0,all paid,business,unknown,1<=X<4,male married,savings,free,unskilled,0
19,6,16282,4,2,2,none,all paid,other,500<=X<1000,4<=X<7,male divorced,car,free,skilled,1
59,31,861,4,1,1,<0,all paid,car,100<=X<500,1<=X<4,male divorced,real estate,own,skilled,0
62,19,4844,4,1,1,0<=X<200,delayed,furniture,unknown,>=7,female,real estate,own,skilled,0
74,43,15911,3,2,2,<0,delayed,furniture,<100,<1,male single,savings,rent,management,1
70,42,3120,1,3,1,none,delayed,other,>=1000,<1,male single,car,rent,skilled,0
23,16,16202,4,1,1,>=200,all paid,radio/TV,100<=X<500,unemployed,male divorced,savings,free,skilled,0
45,41,14225,2,3,1,0<=X<200,delayed,other,500<=X<1000,unemployed,male married,savings,rent,management,1
45,18,9146,2,3,2,>=200,all paid,education,unknown,4<=X<7,female,unknown,rent,skilled,0
61,48,12932,2,2,1,none,all paid,car,unknown,4<=X<7,female,unknown,free,skilled,0
61,8,6436,2,2,1,none,delayed,radio/TV,100<=X<500,>=7,male single,real estate,free,unskilled,1
37,38,16509,3,3,1,0<=X<200,all paid,business,<100,unemployed,male divorced,car,free,skilled,0
47,11,13718,4,1,1,none,all paid,education,500<=X<1000,unemployed,male single,unknown,free,skilled,0
28,55,552,1,3,1,none,critical,radio/TV,100<=X<500,4<=X<7,male single,real estate,own,skilled,1
72,15,7205,4,1,1,none,all paid,car,>=1000,4<=X<7,male divorced,car,free,skilled,0
45,10,14236,3,1,2,>=200,delayed,furniture,500<=X<1000,4<=X<7,male married,real estate,free,skilled,0
42,28,16742,2,2,2,>=200,no credits,business,unknown,<1,female,unknown,rent,unemployed,0
56,15,1156,3,1,1,0<=X<200,delayed,other,100<=X<500,1<=X<4,male married,real estate,rent,skilled,0
50,49,2271,4,1,2,none,all paid,car,unknown,1<=X<4,male divorced,car,rent,unskilled,0
18,7,8795,1,3,2,>=200,no credits,education,unknown,unemployed,male divorced,car,own,management,0
74,18,15340,3,2,1,>=200,delayed,education,unknown,<1,female,real estate,free,skilled,1
44,45,13003,1,1,2,0<=X<200,all paid,furniture,<100,4<=X<7,male married,car,free,skilled,0
74,7,3653,3,1,2,none,all paid,furniture,unknown,unemployed,female,real estate,own,management,0
69,25,6875,1,2,2,none,no credits,business,>=1000,<1,male single,car,free,skilled,0
30,6,1155,1,3,2,<0,all paid,other,>=1000,>=7,male single,real estate,rent,skilled,0
58,42,6495,2,2,2,none,all paid,business,500<=X<1000,<1,male single,real estate,own,skilled,0
20,14,16121,1,2,2,>=200,no credits,furniture,unknown,unemployed,male married,real estate,free,skilled,1
56,22,18296,2,1,2,none,critical,furniture,unknown,1<=X<4,male single,savings,own,skilled,1
23,14,15482,4,1,2,0<=X<200,no credits,education,100<=X<500,4<=X<7,female,car,own,skilled,0
25,16,4903,4,3,1,0<=X<200,all paid,furniture,<100,>=7,male married,unknown,free,skilled,1
44,20,6763,2,1,1,none,all paid,radio/TV,500<=X<1000,<1,female,real estate,rent,skilled,0
26,29,12203,2,1,2,0<=X<200,all paid,car,unknown,unemployed,male divorced,savings,free,unskilled,1
54,43,11017,3,2,2,none,critical,furniture,100<=X<500,unemployed,male married,unknown,free,skilled,0
50,40,11371,3,1,1,0<=X<200,all paid,business,<100,4<=X<7,female,real estate,rent,skilled,0
68,35,12782,3,3,2,>=200,critical,other,500<=X<1000,unemployed,female,unknown,free,skilled,1
59,36,12401,4,2,2,0<=X<200,all paid,other,500<=X<1000,unemployed,male married,savings,free,skilled,0
61,54,17978,3,3,1,>=200,delayed,other,unknown,4<=X<7,male divorced,unknown,free,skilled,0
41,10,12673,1,2,1,0<=X<200,all paid,radio/TV,500<=X<1000,>=7,male married,real estate,own,skilled,0
32,49,9661,1,1,1,<0,critical,business,100<=X<500,1<=X<4,male single,unknown,own,skilled,1
71,55,15796,3,2,2,0<=X<200,all paid,radio/TV,500<=X<1000,1<=X<4,male single,unknown,own,management,1
49,19,729,1,2,2,<0,all paid,furniture,>=1000,<1,male divorced,real estate,free,unskilled,0
49,58,19542,4,1,1,none,all paid,car,100<=X<500,>=7,female,savings,rent,unemployed,1
41,16,12965,1,1,1,none,all paid,other,<100,<1,female,savings,own,unskilled,0
58,14,14110,4,3,2,0<=X<200,critical,business,<100,1<=X<4,female,unknown,rent,unskilled,0
69,39,11761,2,3,1,none,all paid,other,unknown,4<=X<7,male married,car,free,management,0
66,17,9331,2,1,2,0<=X<200,all paid,radio/TV,unknown,unemployed,male married,unknown,own,skilled,0
66,40,725,2,1,2,>=200,delayed,education,>=1000,1<=X<4,male divorced,car,free,skilled,0
69,40,16585,2,1,1,none,all paid,furniture,<100,>=7,male single,unknown,rent,management,0
29,6,574,1,2,1,none,critical,car,<100,1<=X<4,female,savings,own,management,0
56,45,12397,3,2,2,0<=X<200,delayed,furniture,<100,>=7,male single,unknown,own,unemployed,0
19,27,4848,1,2,1,none,all paid,education,<100,>=7,male married,unknown,own,skilled,0
20,34,2565,4,1,1,0<=X<200,critical,car,500<=X<1000,>=7,male married,car,own,skilled,0
66,13,18109,1,3,1,none,no credits,education,100<=X<500,<1,male married,savings,rent,unskilled,1
54,16,1846,1,1,1,<0,all paid,furniture,100<=X<500,4<=X<7,male single,car,own,skilled,0
66,46,213,4,2,2,>=200,all paid,radio/TV,>=1000,1<=X<4,male divorced,unknown,free,management,0
73,42,4799,2,2,2,>=200,all paid,furniture,500<=X<1000,4<=X<7,male divorced,real estate,own,skilled,0
34,19,2478,2,1,2,>=200,delayed,furniture,<100,unemployed,male married,unknown,rent,skilled,0
66,35,14496,2,1,2,<0,critical,furniture,<100,1<=X<4,female,unknown,own,skilled,1
19,40,3355,3,2,1,none,all paid,business,unknown,4<=X<7,male single,car,rent,skilled,0
19,26,8521,4,2,1,<0,all paid,education,unknown,4<=X<7,male married,real estate,rent,management,0
45,42,4014,4,2,2,>=200,critical,education,>=1000,unemployed,male single,real estate,free,unskilled,0
71,10,13325,1,1,2,0<=X<200,all paid,other,<100,>=7,male single,car,own,skilled,0
40,24,3416,3,2,1,0<=X<200,all paid,education,>=1000,1<=X<4,male divorced,savings,own,management,0
54,19,2313,2,2,2,>=200,all paid,other,500<=X<1000,1<=X<4,male married,real estate,own,skilled,0
49,31,10438,3,3,2,0<=X<200,critical,business,100<=X<500,unemployed,male divorced,real estate,free,unskilled,0
50,9,13960,4,1,1,<0,all paid,radio/TV,<100,>=7,male married,car,free,skilled,1
18,30,12788,4,3,2,<0,delayed,other,500<=X<1000,1<=X<4,male single,savings,rent,skilled,0
36,50,3574,1,3,1,0<=X<200,delayed,furniture,<100,1<=X<4,male divorced,savings,rent,unskilled,0
19,47,6630,1,2,1,none,all paid,radio/TV,unknown,1<=X<4,male single,unknown,rent,management,0
70,30,19665,4,1,2,none,all paid,business,>=1000,>=7,male married,unknown,free,skilled,1
61,23,12170,2,2,1,<0,delayed,education,unknown,unemployed,female,car,free,management,1
43,45,829,2,1,2,0<=X<200,all paid,other,100<=X<500,1<=X<4,male divorced,savings,free,management,0
49,13,16853,3,3,1,<0,delayed,furniture,unknown,4<=X<7,male divorced,car,rent,skilled,1
23,44,11031,4,1,2,<0,critical,car,<100,>=7,male single,unknown,free,unskilled,0
49,45,5924,4,2,2,>=200,delayed,car,unknown,<1,male single,car,rent,skilled,1
72,19,11283,2,2,2,>=200,delayed,radio/TV,<100,unemployed,female,car,rent,unskilled,0
21,37,13349,2,2,1,<0,delayed,education,100<=X<500,4<=X<7,male divorced,real estate,own,management,0
72,56,9672,4,1,1,0<=X<200,delayed,car,unknown,1<=X<4,male married,real estate,own,unskilled,0
28,43,6476,1,3,2,<0,all paid,radio/TV,>=1000,<1,male married,real estate,own,skilled,1
73,38,15835,4,3,1,none,no credits,business,>=1000,unemployed,male divorced,unknown,rent,skilled,0
34,28,6095,4,1,2,none,all paid,radio/TV,>=1000,>=7,male divorced,car,own,skilled,0
55,20,14194,2,2,2,<0,delayed,radio/TV,unknown,<1,male divorced,real estate,own,skilled,1
41,38,10752,2,3,1,0<=X<200,all paid,radio/TV,unknown,<1,female,real estate,own,skilled,0
22,30,17159,1,2,2,none,delayed,furniture,unknown,4<=X<7,male married,real estate,free,unskilled,1
69,22,6299,1,1,1,none,all paid,radio/TV,<100,unemployed,male married,unknown,rent,unskilled,0
51,38,9699,3,2,2,0<=X<200,delayed,other,100<=X<500,4<=X<7,male single,unknown,own,skilled,0
23,52,19776,4,3,1,<0,all paid,radio/TV,>=1000,4<=X<7,male single,car,free,skilled,1
39,7,3378,2,3,2,<0,delayed,furniture,<100,1<=X<4,male divorced,car,free,skilled,0
28,19,19318,1,2,2,>=200,all paid,furniture,>=1000,>=7,male single,car,free,skilled,1
65,58,6316,3,1,1,0<=X<200,all paid,business,<100,<1,female,real estate,own,skilled,1
33,45,15763,3,2,2,<0,all paid,education,unknown,unemployed,male married,savings,free,skilled,1
50,45,3768,2,1,2,>=200,delayed,car,>=1000,>=7,male married,unknown,rent,management,0
26,56,10047,2,2,1,<0,all paid,car,unknown,>=7,male single,real estate,free,unskilled,0
23,44,14335,3,3,2,none,all paid,radio/TV,>=1000,unemployed,male divorced,real estate,free,skilled,0
33,56,18787,1,1,1,0<=X<200,critical,business,500<=X<1000,>=7,male single,car,free,management,1
46,11,17974,3,1,2,<0,delayed,radio/TV,<100,1<=X<4,male divorced,car,free,management,1
20,11,1942,4,1,1,>=200,critical,car,500<=X<1000,>=7,female,real estate,rent,unskilled,0
37,8,18509,4,3,2,0<=X<200,all paid,furniture,<100,1<=X<4,male married,unknown,own,skilled,1
53,12,819,2,2,2,none,all paid,education,100<=X<500,<1,female,unknown,rent,skilled,0
36,56,17858,1,3,2,>=200,critical,business,>=1000,<1,male married,real estate,rent,unskilled,1
43,13,17540,1,1,1,0<=X<200,all paid,furniture,100<=X<500,4<=X<7,female,savings,own,management,0
20,47,2139,4,2,1,none,delayed,education,100<=X<500,1<=X<4,male single,savings,free,skilled,0
36,57,16201,3,3,1,0<=X<200,all paid,business,<100,<1,female,unknown,own,skilled,0
37,20,1168,2,1,1,none,all paid,business,500<=X<1000,>=7,female,car,own,unskilled,0
49,52,15046,3,1,2,0<=X<200,all paid,car,unknown,unemployed,male single,savings,rent,skilled,1
24,34,481,3,3,2,>=200,all paid,furniture,<100,unemployed,male married,savings,own,skilled,0
69,38,15560,3,3,1,<0,no credits,business,unknown,1<=X<4,male married,car,free,management,1
58,57,6462,1,3,1,0<=X<200,no credits,other,100<=X<500,4<=X<7,male single,savings,rent,unskilled,0
50,35,1258,4,1,1,none,critical,business,unknown,>=7,female,real estate,free,unskilled,0
57,44,10924,1,3,2,none,all paid,education,500<=X<1000,1<=X<4,female,savings,rent,skilled,0
56,32,5378,4,1,1,0<=X<200,delayed,car,<100,unemployed,female,car,free,unskilled,0
35,41,7180,2,3,1,0<=X<200,delayed,radio/TV,500<=X<1000,1<=X<4,male divorced,real estate,own,skilled,0
57,34,9400,2,1,2,none,all paid,car,500<=X<1000,>=7,male married,savings,own,management,0
18,43,1429,3,1,2,none,all paid,radio/TV,<100,<1,female,unknown,own,skilled,0
28,38,8667,4,2,1,<0,delayed,furniture,500<=X<1000,>=7,male married,real estate,free,management,0
45,42,19324,4,3,2,0<=X<200,delayed,furniture,>=1000,<1,female,real estate,rent,unskilled,1
74,32,2489,4,3,1,0<=X<200,delayed,business,>=1000,<1,male single,unknown,rent,unskilled,0
42,38,1439,3,1,2,none,delayed,other,>=1000,<1,male single,unknown,rent,unskilled,0
67,9,5570,3,1,1,<0,critical,furniture,unknown,1<=X<4,male married,savings,own,skilled,1
40,27,16370,2,1,1,0<=X<200,all paid,business,500<=X<1000,unemployed,male married,savings,free,management,0
48,7,325,1,2,1,none,all paid,car,<100,1<=X<4,male single,car,rent,unskilled,0
47,15,12704,4,2,1,<0,delayed,furniture,<100,unemployed,male divorced,car,free,skilled,0
59,10,15598,4,1,2,0<=X<200,no credits,car,unknown,>=7,male single,real estate,rent,skilled,0
52,15,6838,1,3,2,0<=X<200,critical,car,<100,4<=X<7,female,unknown,own,management,1
24,38,6770,4,3,2,0<=X<200,all paid,other,>=1000,>=7,male divorced,unknown,free,unskilled,1
33,59,3449,3,2,2,0<=X<200,all paid,furniture,500<=X<1000,1<=X<4,male single,car,rent,skilled,0
43,43,9310,3,2,1,>=200,delayed,car,<100,1<=X<4,male divorced,real estate,rent,unskilled,0
65,18,7795,4,1,1,<0,all paid,other,<100,unemployed,male divorced,real estate,rent,skilled,0
74,36,13805,3,3,2,>=200,all paid,other,100<=X<500,1<=X<4,male divorced,car,rent,skilled,0
69,52,12315,3,1,2,none,all paid,furniture,100<=X<500,<1,male married,car,own,management,0
66,41,6494,4,2,2,none,critical,other,100<=X<500,1<=X<4,male single,car,rent,skilled,0
19,50,5957,2,3,2,<0,all paid,furniture,500<=X<1000,unemployed,male married,savings,rent,skilled,1
18,29,12795,1,3,2,<0,critical,furniture,>=1000,unemployed,male married,real estate,own,skilled,0
65,57,2169,3,2,1,0<=X<200,no credits,radio/TV,>=1000,<1,female,real estate,rent,unskilled,0
29,20,11185,2,1,1,0<=X<200,delayed,car,>=1000,unemployed,female,real estate,free,skilled,0
22,34,17475,3,1,1,0<=X<200,delayed,education,500<=X<1000,4<=X<7,male divorced,car,free,unemployed,1
54,13,4670,3,3,2,>=200,all paid,furniture,500<=X<1000,>=7,male divorced,car,rent,management,0
49,10,10425,1,2,2,<0,all paid,car,100<=X<500,1<=X<4,female,car,own,management,0
72,34,9756,3,3,2,<0,all paid,other,<100,4<=X<7,female,car,own,management,0
26,52,9406,1,2,2,0<=X<200,delayed,business,unknown,1<=X<4,male single,unknown,own,unskilled,0
58,9,10191,1,1,1,>=200,all paid,furniture,unknown,4<=X<7,male divorced,car,rent,skilled,0
52,17,7719,1,2,1,<0,delayed,other,<100,1<=X<4,male divorced,savings,rent,unskilled,0
36,50,13869,2,1,2,>=200,all paid,other,100<=X<500,<1,female,unknown,free,skilled,0
65,7,4812,4,2,1,0<=X<200,all paid,other,<100,unemployed,male single,unknown,own,unskilled,0
33,32,12573,2,3,1,none,no credits,other,<100,unemployed,female,car,rent,skilled,0
20,36,17782,4,1,2,none,all paid,other,unknown,<1,female,real estate,rent,skilled,1
37,56,15752,4,3,2,0<=X<200,all paid,furniture,100<=X<500,4<=X<7,male married,car,rent,management,1
41,56,14846,1,3,2,0<=X<200,critical,education,500<=X<1000,>=7,male divorced,real estate,own,skilled,1
71,41,5438,3,1,2,0<=X<200,delayed,radio/TV,unknown,4<=X<7,male single,car,own,management,0
73,41,15777,1,1,2,0<=X<200,all paid,other,500<=X<1000,unemployed,male married,car,free,unskilled,0
50,31,15704,3,3,2,>=200,critical,other,100<=X<500,>=7,male divorced,real estate,own,unskilled,1
41,48,3919,4,3,1,none,delayed,radio/TV,<100,1<=X<4,female,real estate,rent,skilled,0
69,32,502,1,3,1,>=200,critical,furniture,>=1000,>=7,male single,real estate,free,skilled,0
28,10,12344,3,3,2,none,all paid,car,>=1000,4<=X<7,male divorced,real estate,own,skilled,0
66,25,17570,2,1,1,0<=X<200,all paid,business,100<=X<500,<1,female,savings,own,skilled,1
25,16,10255,3,1,2,<0,no credits,business,>=1000,1<=X<4,male married,real estate,own,skilled,0
53,15,4640,1,3,2,none,delayed,car,500<=X<1000,4<=X<7,male single,car,own,skilled,0
55,45,3272,2,2,2,0<=X<200,all paid,furniture,>=1000,1<=X<4,male divorced,car,rent,skilled,0
57,43,13798,3,2,2,>=200,all paid,business,100<=X<500,>=7,male married,savings,own,skilled,1
37,11,14487,3,1,1,0<=X<200,all paid,radio/TV,100<=X<500,unemployed,female,real estate,rent,skilled,0
52,13,14165,3,3,2,<0,all paid,car,500<=X<1000,4<=X<7,female,car,rent,skilled,0
65,28,19708,3,3,1,none,delayed,education,>=1000,<1,male divorced,savings,rent,skilled,1
42,52,9719,3,1,2,<0,all paid,furniture,>=1000,>=7,female,car,free,unskilled,0
52,31,13580,2,2,2,none,all paid,car,<100,4<=X<7,male single,savings,rent,skilled,0
42,51,12065,4,2,2,none,delayed,business,unknown,<1,male divorced,savings,own,skilled,1
46,48,8325,2,2,1,none,critical,furniture,100<=X<500,4<=X<7,male married,unknown,free,skilled,0
35,17,3491,2,1,2,>=200,delayed,radio/TV,<100,>=7,male divorced,unknown,own,skilled,0
63,31,4233,2,2,2,>=200,critical,furniture,100<=X<500,4<=X<7,male divorced,real estate,rent,skilled,0
35,18,5305,4,1,2,none,delayed,furniture,<100,1<=X<4,male married,unknown,own,skilled,0
19,45,17287,1,1,1,0<=X<200,all paid,radio/TV,unknown,>=7,female,savings,free,skilled,1
71,23,8333,4,3,1,0<=X<200,all paid,other,<100,4<=X<7,male married,car,free,skilled,0
52,30,17158,2,2,1,>=200,delayed,radio/TV,100<=X<500,unemployed,male single,car,own,skilled,1
33,38,5904,3,1,2,0<=X<200,delayed,furniture,>=1000,4<=X<7,female,real estate,own,skilled,0
58,52,8048,3,2,1,0<=X<200,delayed,radio/TV,100<=X<500,1<=X<4,male divorced,unknown,own,skilled,1
53,45,13175,2,2,2,0<=X<200,all paid,other,500<=X<1000,<1,female,real estate,free,skilled,1
50,48,7124,3,3,1,>=200,all paid,car,500<=X<1000,<1,female,savings,rent,unskilled,0
21,17,19814,2,2,1,none,all paid,radio/TV,500<=X<1000,<1,male single,unknown,own,skilled,0
50,49,688,3,3,2,0<=X<200,all paid,radio/TV,500<=X<1000,unemployed,female,real estate,rent,unskilled,0
31,41,7314,4,1,1,none,all paid,furniture,unknown,1<=X<4,female,car,free,unskilled,0
38,53,15940,1,2,2,>=200,delayed,car,>=1000,>=7,female,car,own,management,0
65,9,3373,1,1,2,none,all paid,education,>=1000,<1,male divorced,real estate,own,management,0
37,10,1867,4,2,1,>=200,no credits,education,100<=X<500,1<=X<4,female,real estate,free,unskilled,0
73,42,4314,4,1,2,none,all paid,business,<100,4<=X<7,male married,real estate,own,skilled,0
25,13,3753,2,2,2,<0,delayed,radio/TV,100<=X<500,unemployed,female,savings,rent,unskilled,0
24,47,7961,2,2,1,none,all paid,radio/TV,100<=X<500,1<=X<4,male single,savings,free,skilled,0
20,54,1200,2,2,1,<0,all paid,car,100<=X<500,1<=X<4,female,car,free,management,0
34,33,15838,3,2,2,none,all paid,other,100<=X<500,>=7,female,savings,own,management,0
50,36,17972,2,2,1,none,all paid,education,>=1000,1<=X<4,male divorced,savings,free,skilled,0
65,14,5650,4,2,2,0<=X<200,critical,business,<100,>=7,male married,unknown,own,skilled,0
29,59,3912,1,2,2,0<=X<200,critical,car,100<=X<500,unemployed,female,savings,own,skilled,0
68,56,1567,3,2,1,none,all paid,radio/TV,>=1000,unemployed,male married,unknown,free,skilled,0
39,34,8389,2,2,1,0<=X<200,all paid,education,100<=X<500,4<=X<7,male single,savings,own,management,0
72,19,9213,3,1,1,none,delayed,business,500<=X<1000,>=7,male divorced,car,rent,management,0
39,45,17038,3,3,1,<0,no credits,furniture,100<=X<500,>=7,male married,real estate,rent,skilled,1
63,46,19356,2,2,2,<0,all paid,education,100<=X<500,<1,male divorced,car,own,skilled,1
47,27,3926,3,3,2,none,all paid,business,unknown,<1,female,savings,rent,skilled,1
55,16,5006,1,2,1,>=200,critical,car,500<=X<1000,4<=X<7,male single,real estate,own,unskilled,0
55,28,2390,4,2,1,none,no credits,furniture,<100,unemployed,male divorced,real estate,rent,management,0
62,6,9308,4,1,2,0<=X<200,all paid,business,100<=X<500,<1,female,real estate,free,skilled,0
68,51,12378,1,1,2,>=200,delayed,business,<100,1<=X<4,male married,unknown,own,skilled,0
71,42,3075,3,3,2,>=200,all paid,radio/TV,500<=X<1000,unemployed,male single,car,own,skilled,0
25,26,5792,2,1,2,>=200,no credits,other,100<=X<500,1<=X<4,male single,unknown,own,management,0
44,31,18024,3,1,1,>=200,critical,education,unknown,>=7,male married,real estate,own,unskilled,0
44,51,12792,1,3,2,>=200,all paid,radio/TV,>=1000,unemployed,male married,car,own,management,0
51,41,9127,3,1,2,0<=X<200,delayed,furniture,unknown,4<=X<7,male single,car,own,management,0
38,59,14637,4,2,1,0<=X<200,all paid,other,unknown,>=7,male divorced,savings,free,management,0
47,28,11730,3,3,2,none,all paid,business,>=1000,>=7,male single,unknown,free,skilled,0
50,6,7210,1,3,2,0<=X<200,all paid,radio/TV,>=1000,1<=X<4,male married,unknown,rent,skilled,0
45,59,11407,4,2,1,>=200,no credits,other,>=1000,>=7,male divorced,savings,own,skilled,0
64,56,3189,3,1,1,0<=X<200,all paid,education,100<=X<500,<1,female,unknown,rent,skilled,0
50,45,12240,3,3,1,>=200,delayed,furniture,<100,unemployed,male single,real estate,rent,unskilled,0
22,20,9418,4,3,2,none,all paid,car,<100,<1,male married,real estate,free,skilled,0
65,26,6671,2,2,2,0<=X<200,all paid,radio/TV,>=1000,1<=X<4,female,unknown,rent,skilled,1
36,52,3063,4,2,1,<0,all paid,furniture,unknown,1<=X<4,male single,savings,free,management,0
21,14,10893,2,1,1,<0,delayed,car,500<=X<1000,unemployed,male single,car,rent,unskilled,0
52,58,1377,1,3,2,>=200,no credits,radio/TV,>=1000,>=7,male divorced,unknown,own,skilled,0
66,14,4960,1,1,1,none,all paid,furniture,unknown,4<=X<7,male married,car,rent,skilled,0
34,15,211,4,1,1,<0,all paid,furniture,unknown,1<=X<4,female,savings,free,skilled,0
61,57,16553,4,2,1,none,no credits,other,100<=X<500,unemployed,male single,car,free,management,0
45,58,11756,1,3,2,0<=X<200,no credits,radio/TV,100<=X<500,4<=X<7,male divorced,savings,free,skilled,0
47,31,11763,2,3,2,0<=X<200,delayed,furniture,<100,>=7,female,savings,rent,management,0
46,46,14251,1,3,2,none,all paid,business,<100,1<=X<4,female,real estate,rent,skilled,1
63,40,11222,4,2,2,0<=X<200,no credits,radio/TV,500<=X<1000,unemployed,male single,real estate,free,skilled,0
70,57,8434,1,2,2,0<=X<200,all paid,furniture,500<=X<1000,unemployed,female,savings,own,unskilled,0
23,30,16373,4,2,2,<0,delayed,other,500<=X<1000,unemployed,male single,unknown,own,unskilled,0
52,31,13378,4,2,1,<0,all paid,car,500<=X<1000,1<=X<4,male divorced,real estate,rent,skilled,0
58,16,6770,1,2,2,0<=X<200,all paid,car,unknown,4<=X<7,male divorced,savings,rent,unskilled,0
54,43,606,2,3,2,<0,no credits,business,unknown,unemployed,female,car,free,skilled,0
41,7,9406,3,1,1,>=200,all paid,radio/TV,<100,>=7,male single,car,rent,unskilled,0
46,12,4631,1,3,2,0<=X<200,all paid,other,100<=X<500,unemployed,male married,unknown,rent,unskilled,1
66,23,6742,3,1,2,>=200,all paid,furniture,100<=X<500,4<=X<7,male divorced,car,free,management,0
63,32,9106,1,2,1,<0,all paid,furniture,>=1000,1<=X<4,male single,car,free,unskilled,0
70,39,4346,3,1,1,0<=X<200,all paid,car,unknown,unemployed,male single,savings,rent,skilled,0
48,32,12246,2,3,1,>=200,all paid,other,500<=X<1000,unemployed,male single,car,own,unskilled,0
52,22,12811,2,3,2,none,all paid,business,500<=X<1000,>=7,female,car,rent,management,1
50,48,13276,1,1,1,<0,no credits,car,>=1000,>=7,male married,car,own,management,0
69,49,16724,4,2,2,none,delayed,car,100<=X<500,unemployed,female,car,own,skilled,0
38,56,5082,3,2,2,>=200,critical,business,500<=X<1000,unemployed,male divorced,savings,own,skilled,1
49,59,14313,4,3,2,>=200,critical,radio/TV,100<=X<500,>=7,female,car,free,unskilled,1
40,29,13845,4,1,2,>=200,critical,furniture,>=1000,4<=X<7,male single,unknown,free,unemployed,1
50,30,6212,4,2,1,<0,delayed,radio/TV,100<=X<500,<1,female,real estate,free,management,0
20,12,17547,2,2,1,<0,delayed,other,100<=X<500,<1,male single,unknown,rent,management,0
35,57,7351,1,3,2,>=200,all paid,education,100<=X<500,unemployed,male married,real estate,free,skilled,0
42,11,3810,1,2,1,0<=X<200,delayed,education,500<=X<1000,>=7,female,unknown,free,skilled,0
59,58,10084,2,1,2,none,all paid,education,<100,1<=X<4,female,real estate,rent,management,0
48,29,7094,2,3,2,0<=X<200,all paid,business,unknown,1<=X<4,female,real estate,rent,skilled,0
71,38,13667,1,3,2,<0,delayed,car,100<=X<500,<1,male single,real estate,own,skilled,0
20,54,16689,4,1,1,none,all paid,radio/TV,100<=X<500,4<=X<7,male single,real estate,rent,unskilled,0
57,34,10073,3,3,2,0<=X<200,all paid,furniture,100<=X<500,<1,female,savings,rent,management,0
63,48,12489,3,2,2,>=200,critical,education,<100,unemployed,female,unknown,free,unskilled,0
41,27,12408,3,2,1,>=200,no credits,radio/TV,>=1000,4<=X<7,male married,real estate,own,skilled,0
67,31,11028,4,1,1,none,all paid,education,500<=X<1000,1<=X<4,male married,unknown,own,skilled,0
49,33,2337,1,2,1,none,critical,education,<100,>=7,male divorced,car,rent,skilled,0
64,55,1486,2,1,1,>=200,delayed,furniture,100<=X<500,>=7,male married,real estate,free,skilled,0
39,26,15910,1,1,2,>=200,all paid,other,<100,unemployed,male married,unknown,free,skilled,1
40,54,11571,4,2,1,none,all paid,other,<100,<1,male married,savings,free,unskilled,1
19,12,16145,2,1,2,0<=X<200,all paid,other,<100,unemployed,male single,unknown,free,skilled,0
44,22,7252,4,2,1,<0,critical,business,>=1000,>=7,male married,real estate,rent,unemployed,0
59,25,3854,3,3,1,0<=X<200,all paid,car,unknown,1<=X<4,male married,car,free,management,1
19,46,18943,3,3,1,0<=X<200,all paid,business,500<=X<1000,>=7,female,unknown,own,skilled,1
43,54,15800,4,1,1,>=200,no credits,radio/TV,>=1000,4<=X<7,male single,car,own,management,0
34,25,8836,2,2,1,>=200,no credits,business,>=1000,>=7,male divorced,savings,rent,skilled,0
57,59,6641,2,2,1,>=200,critical,radio/TV,unknown,>=7,male divorced,unknown,free,skilled,0
50,27,9867,1,3,2,<0,all paid,radio/TV,>=1000,4<=X<7,male married,unknown,free,skilled,0
26,33,12349,3,3,1,none,delayed,car,<100,<1,male divorced,savings,free,skilled,0
60,45,1998,1,2,1,0<=X<200,no credits,furniture,<100,>=7,male divorced,savings,free,skilled,0
71,54,9800,1,1,1,>=200,delayed,car,100<=X<500,unemployed,male divorced,savings,rent,skilled,1
65,12,5695,4,3,1,>=200,critical,other,>=1000,>=7,male married,real estate,free,skilled,0
56,6,10100,4,1,2,0<=X<200,all paid,other,100<=X<500,unemployed,male divorced,real estate,rent,skilled,0
46,37,13873,1,1,1,<0,all paid,business,500<=X<1000,4<=X<7,male married,unknown,free,unskilled,1
59,18,11330,3,3,1,<0,all paid,radio/TV,<100,>=7,female,unknown,free,skilled,0
72,35,15422,4,1,1,none,delayed,education,500<=X<1000,4<=X<7,female,unknown,own,skilled,0
43,28,1500,1,1,1,none,all paid,education,unknown,4<=X<7,male divorced,car,rent,unskilled,1
52,56,9635,1,2,2,>=200,critical,radio/TV,<100,<1,female,savings,own,skilled,1
67,24,19681,1,1,1,<0,delayed,car,500<=X<1000,>=7,male married,unknown,rent,skilled,1
42,37,4816,1,2,2,0<=X<200,critical,furniture,unknown,unemployed,female,savings,free,skilled,0
41,35,16593,1,3,1,none,delayed,car,500<=X<1000,unemployed,male divorced,real estate,free,skilled,1
30,34,10817,1,3,2,none,all paid,radio/TV,unknown,>=7,male married,savings,rent,management,0
24,54,5952,4,2,2,<0,all paid,radio/TV,unknown,<1,male single,car,own,management,1
74,50,10052,3,3,1,<0,all paid,furniture,<100,<1,male married,car,rent,management,0
53,34,6495,1,1,1,none,critical,business,100<=X<500,<1,female,savings,rent,skilled,0
62,35,17656,2,1,2,0<=X<200,delayed,business,unknown,unemployed,male single,car,free,skilled,1
37,21,3425,4,1,2,0<=X<200,delayed,furniture,unknown,4<=X<7,male married,car,own,unemployed,0
18,45,1516,4,3,1,<0,all paid,business,<100,<1,male single,real estate,rent,skilled,0
25,24,12537,1,1,2,>=200,all paid,education,100<=X<500,unemployed,male single,unknown,own,skilled,0
63,23,7007,4,3,2,none,delayed,business,>=1000,unemployed,male single,car,own,skilled,0
33,6,3883,1,1,2,none,all paid,business,>=1000,4<=X<7,male married,unknown,rent,unskilled,0
31,19,7427,3,2,1,>=200,all paid,business,100<=X<500,>=7,female,savings,own,management,0
29,56,3473,3,3,2,>=200,delayed,education,500<=X<1000,>=7,male married,savings,free,skilled,0
68,52,345,4,3,2,<0,no credits,business,<100,<1,female,car,free,skilled,0
40,55,5210,4,1,2,>=200,all paid,other,100<=X<500,<1,male married,savings,free,skilled,0
32,7,16235,2,3,1,0<=X<200,all paid,education,>=1000,4<=X<7,male married,real estate,free,skilled,0
45,59,3240,4,3,1,>=200,all paid,furniture,unknown,<1,male married,car,own,unskilled,0
51,33,9854,2,2,2,0<=X<200,critical,car,>=1000,4<=X<7,female,car,free,skilled,0
19,54,17066,3,2,1,0<=X<200,all paid,furniture,unknown,unemployed,male married,car,rent,skilled,0
49,55,19763,3,1,2,<0,all paid,car,<100,<1,male single,savings,free,skilled,1
40,35,17833,1,2,1,0<=X<200,all paid,furniture,unknown,unemployed,male married,savings,rent,skilled,1
39,43,17214,3,1,1,<0,delayed,other,100<=X<500,1<=X<4,male single,car,rent,skilled,0
68,56,15196,2,1,2,<0,all paid,car,unknown,4<=X<7,male divorced,unknown,free,skilled,0
42,9,16536,4,1,1,none,all paid,car,500<=X<1000,1<=X<4,male divorced,savings,free,unskilled,0
39,6,9053,1,3,1,0<=X<200,no credits,radio/TV,100<=X<500,<1,female,savings,own,skilled,1
39,13,11895,2,2,1,>=200,no credits,car,<100,unemployed,female,car,rent,management,0
66,34,3052,4,1,2,none,all paid,car,100<=X<500,<1,male divorced,unknown,free,management,0
69,44,16214,1,2,1,none,delayed,radio/TV,500<=X<1000,1<=X<4,male married,car,own,skilled,1
59,8,1187,3,1,1,>=200,critical,business,<100,<1,male married,savings,free,skilled,0
23,37,7822,2,2,2,none,no credits,business,>=1000,>=7,male married,car,free,skilled,0
32,15,9360,4,2,1,0<=X<200,all paid,radio/TV,500<=X<1000,1<=X<4,male divorced,car,free,skilled,0
71,15,17684,1,1,1,0<=X<200,critical,education,<100,<1,male single,car,rent,unskilled,0
60,24,6852,1,3,1,0<=X<200,all paid,car,unknown,unemployed,female,unknown,free,management,0
54,51,7621,3,2,1,>=200,delayed,car,100<=X<500,<1,male single,car,own,skilled,0
50,39,969,4,3,1,>=200,all paid,radio/TV,<100,unemployed,male divorced,savings,free,unemployed,0
25,38,17927,3,3,2,0<=X<200,critical,radio/TV,100<=X<500,>=7,male single,car,free,skilled,1
70,28,14314,3,1,2,<0,delayed,education,unknown,<1,male married,unknown,own,skilled,0
61,33,4558,4,1,1,>=200,critical,other,<100,>=7,male married,real estate,own,skilled,0
61,37,11743,4,1,1,<0,delayed,business,>=1000,1<=X<4,male single,unknown,rent,skilled,0
22,55,18933,4,2,1,>=200,all paid,furniture,500<=X<1000,unemployed,male divorced,car,rent,skilled,1
56,12,5899,2,1,2,>=200,critical,other,<100,1<=X<4,male single,real estate,rent,skilled,0
21,34,17825,4,1,2,none,all paid,business,unknown,unemployed,male married,car,rent,unskilled,0
23,13,1325,1,2,1,none,all paid,car,<100,>=7,male married,unknown,own,skilled,0
62,6,10993,3,2,1,none,delayed,other,100<=X<500,4<=X<7,male divorced,real estate,free,unskilled,0
49,8,6964,2,1,2,0<=X<200,delayed,radio/TV,<100,<1,male single,real estate,free,skilled,1
69,29,12523,4,1,1,none,critical,education,>=1000,>=7,male married,car,free,skilled,0
47,28,13231,2,1,2,>=200,all paid,business,<100,unemployed,male married,car,rent,unskilled,0
64,13,14252,4,1,2,<0,delayed,education,500<=X<1000,unemployed,male single,unknown,own,unskilled,0
52,59,12840,2,3,1,<0,delayed,business,<100,unemployed,male single,car,own,unskilled,0
72,52,8043,3,3,2,0<=X<200,no credits,other,100<=X<500,unemployed,female,real estate,own,skilled,0
57,42,14410,3,1,1,0<=X<200,all paid,car,<100,<1,male divorced,savings,free,unskilled,0
69,8,16656,1,3,1,>=200,all paid,furniture,>=1000,1<=X<4,male divorced,savings,rent,skilled,0
33,56,10306,1,2,1,none,all paid,education,unknown,4<=X<7,male single,unknown,own,unskilled,0
30,38,5389,4,3,1,<0,critical,education,<100,<1,male divorced,car,rent,skilled,1
67,33,2672,3,3,1,<0,delayed,furniture,<100,unemployed,male married,unknown,own,management,0
59,52,17291,2,1,1,none,delayed,education,500<=X<1000,<1,male single,savings,rent,skilled,0
47,13,18388,2,3,2,<0,critical,education,>=1000,>=7,male single,savings,own,unskilled,1
36,39,6904,2,3,2,0<=X<200,all paid,business,unknown,unemployed,male single,car,rent,management,0
34,40,3913,1,3,2,>=200,delayed,business,100<=X<500,4<=X<7,female,real estate,own,skilled,0
73,37,5251,2,3,2,>=200,all paid,furniture,<100,unemployed,male divorced,car,own,management,0
36,29,10956,1,2,1,<0,critical,car,unknown,4<=X<7,female,savings,rent,skilled,0
45,19,2675,1,1,2,<0,all paid,other,100<=X<500,4<=X<7,male married,real estate,rent,skilled,0
72,37,3810,4,1,2,<0,critical,other,>=1000,1<=X<4,male divorced,unknown,free,unemployed,0
43,51,4455,2,2,2,>=200,all paid,education,>=1000,1<=X<4,female,savings,rent,skilled,0
54,48,14684,2,3,1,>=200,all paid,car,unknown,<1,male single,unknown,own,skilled,1
43,21,1935,3,2,2,0<=X<200,delayed,furniture,100<=X<500,<1,female,real estate,own,skilled,0
70,9,8458,4,3,1,>=200,all paid,furniture,>=1000,4<=X<7,male single,unknown,rent,unskilled,0
40,57,8179,3,2,2,none,delayed,business,unknown,unemployed,female,savings,free,unskilled,1
26,42,2628,4,1,1,<0,all paid,education,>=1000,>=7,female,car,rent,unskilled,0
29,59,12545,2,1,1,0<=X<200,delayed,radio/TV,>=1000,>=7,female,unknown,own,skilled,0
70,26,7626,1,1,2,>=200,all paid,furniture,>=1000,unemployed,male single,savings,own,skilled,0
18,19,8733,1,3,1,0<=X<200,no credits,education,500<=X<1000,unemployed,female,savings,free,skilled,0
18,36,5449,1,3,1,0<=X<200,all paid,car,100<=X<500,1<=X<4,male divorced,real estate,rent,unskilled,0
64,53,19401,1,2,2,>=200,all paid,business,unknown,>=7,male divorced,savings,own,skilled,0
51,23,9886,1,2,2,none,all paid,other,unknown,4<=X<7,male divorced,car,own,management,0
49,12,14309,3,1,2,none,all paid,car,100<=X<500,<1,male single,car,own,skilled,0
71,15,861,4,3,1,>=200,all paid,furniture,100<=X<500,1<=X<4,male single,unknown,rent,skilled,0
65,12,12275,2,2,1,none,no credits,furniture,100<=X<500,>=7,male divorced,unknown,rent,skilled,0
42,38,14988,3,3,1,0<=X<200,all paid,car,100<=X<500,unemployed,male divorced,unknown,free,skilled,0
57,28,10260,4,3,2,>=200,critical,furniture,<100,>=7,male divorced,unknown,own,skilled,0
62,26,16036,1,1,1,0<=X<200,all paid,education,unknown,4<=X<7,male married,car,own,management,0
70,24,10726,4,1,1,<0,all paid,furniture,<100,1<=X<4,male divorced,real estate,free,skilled,0
18,53,3574,4,3,1,none,delayed,business,>=1000,unemployed,female,unknown,own,management,1
33,24,407,1,3,1,>=200,all paid,education,>=1000,4<=X<7,male married,real estate,free,skilled,0
56,41,2865,1,3,1,0<=X<200,delayed,radio/TV,unknown,<1,male married,savings,free,skilled,0
22,34,19077,1,3,1,none,all paid,furniture,>=1000,1<=X<4,male single,savings,own,unskilled,1
39,23,832,2,1,1,<0,all paid,furniture,100<=X<500,4<=X<7,female,unknown,rent,skilled,0
46,7,3283,1,2,2,0<=X<200,no credits,business,<100,4<=X<7,male single,savings,rent,skilled,0
72,6,13911,2,1,2,<0,delayed,business,100<=X<500,unemployed,male single,real estate,rent,skilled,0
20,52,10323,1,2,2,none,delayed,other,>=1000,<1,female,real estate,rent,skilled,1
29,10,7323,2,3,1,none,no credits,car,<100,4<=X<7,male single,savings,own,management,0
43,25,10954,4,2,1,0<=X<200,all paid,car,100<=X<500,1<=X<4,female,unknown,free,management,0
33,16,1879,3,1,2,>=200,critical,car,unknown,4<=X<7,female,real estate,free,skilled,0
68,47,16101,4,1,1,0<=X<200,all paid,business,100<=X<500,>=7,male single,real estate,own,skilled,0
54,7,436,4,3,2,none,all paid,car,>=1000,1<=X<4,male divorced,car,rent,skilled,0
39,8,7646,1,1,1,0<=X<200,critical,car,<100,1<=X<4,male single,unknown,free,skilled,0
74,28,4643,2,3,1,0<=X<200,delayed,radio/TV,unknown,4<=X<7,male married,car,own,management,0
46,17,15663,3,1,2,none,all paid,car,<100,unemployed,male single,savings,own,unskilled,0
31,25,8755,1,1,2,0<=X<200,delayed,furniture,unknown,1<=X<4,female,savings,rent,skilled,1
45,10,18952,1,3,2,<0,critical,other,<100,>=7,male married,car,own,skilled,1
22,42,16869,1,2,2,>=200,all paid,business,>=1000,unemployed,female,unknown,free,skilled,1
64,43,348,4,1,2,none,all paid,education,unknown,unemployed,male divorced,real estate,free,skilled,0
66,35,13595,2,2,1,0<=X<200,all paid,other,500<=X<1000,unemployed,male divorced,savings,own,skilled,0
47,14,5095,2,1,1,<0,critical,radio/TV,<100,1<=X<4,male married,unknown,free,unskilled,0
63,39,17596,3,1,1,0<=X<200,delayed,business,<100,unemployed,male divorced,unknown,own,skilled,0
69,58,11223,2,1,2,>=200,no credits,business,100<=X<500,4<=X<7,male divorced,savings,free,skilled,0
22,49,10899,2,1,2,<0,critical,furniture,unknown,unemployed,male single,savings,rent,unskilled,0
29,40,9915,1,2,2,>=200,all paid,other,500<=X<1000,>=7,male single,unknown,free,unskilled,0
33,57,19369,1,2,2,none,no credits,other,>=1000,<1,male divorced,real estate,rent,skilled,1
43,27,16363,4,1,2,0<=X<200,all paid,car,100<=X<500,>=7,male divorced,car,rent,skilled,0
43,49,5982,1,1,2,0<=X<200,all paid,furniture,500<=X<1000,1<=X<4,male single,savings,own,skilled,0
65,29,18992,1,2,1,0<=X<200,critical,car,unknown,unemployed,male divorced,car,rent,skilled,1
38,22,16924,1,3,1,<0,all paid,car,500<=X<1000,unemployed,male divorced,unknown,free,skilled,0
56,15,3017,1,3,1,none,delayed,business,<100,4<=X<7,female,car,free,skilled,0
53,35,15296,4,2,1,0<=X<200,all paid,other,<100,unemployed,male divorced,real estate,rent,skilled,0
50,51,19080,1,1,1,0<=X<200,no credits,car,100<=X<500,>=7,male married,unknown,own,skilled,0
47,28,5499,3,1,2,>=200,critical,radio/TV,unknown,1<=X<4,female,real estate,rent,skilled,0
54,37,10117,3,3,2,0<=X<200,all paid,radio/TV,unknown,<1,male married,unknown,free,skilled,0
40,22,18273,3,3,2,>=200,all paid,other,500<=X<1000,unemployed,male divorced,real estate,free,management,1
27,55,3467,3,2,2,<0,all paid,radio/TV,100<=X<500,<1,male single,unknown,rent,management,0
71,56,4606,1,3,2,none,critical,business,unknown,unemployed,female,real estate,rent,unskilled,0
22,22,18026,3,2,2,none,all paid,furniture,<100,1<=X<4,male single,unknown,rent,unskilled,0
53,19,10582,1,3,1,>=200,all paid,education,500<=X<1000,>=7,female,real estate,free,skilled,0
51,14,4637,4,3,2,none,all paid,car,>=1000,1<=X<4,male single,unknown,free,skilled,0
69,45,5635,3,3,2,<0,all paid,education,<100,<1,female,real estate,free,unskilled,0
48,7,4307,2,1,2,0<=X<200,delayed,furniture,100<=X<500,unemployed,female,savings,own,management,0
27,50,760,3,1,2,>=200,all paid,furniture,unknown,<1,male married,car,free,skilled,0
36,30,12529,3,1,1,>=200,all paid,business,<100,>=7,male single,unknown,free,management,0
49,44,2026,1,3,1,0<=X<200,all paid,radio/TV,>=1000,1<=X<4,male married,real estate,own,skilled,0
18,14,11621,3,2,2,0<=X<200,all paid,radio/TV,>=1000,<1,male married,savings,own,skilled,0
73,59,12465,2,2,1,<0,critical,furniture,100<=X<500,<1,male single,unknown,own,skilled,0
22,27,7829,1,2,1,0<=X<200,all paid,business,<100,>=7,female,unknown,own,skilled,0
62,48,8525,1,2,2,<0,critical,business,500<=X<1000,unemployed,male married,unknown,own,skilled,1
21,51,19722,4,1,2,none,all paid,other,<100,<1,male single,car,own,unskilled,1
33,9,7893,4,1,2,0<=X<200,all paid,car,>=1000,>=7,female,real estate,rent,skilled,0
41,31,8464,3,3,2,<0,critical,radio/TV,100<=X<500,unemployed,male married,real estate,rent,skilled,0
33,34,12886,4,3,2,>=200,all paid,furniture,100<=X<500,unemployed,male married,unknown,rent,unskilled,0
72,50,13916,4,2,1,>=200,delayed,other,500<=X<1000,1<=X<4,male married,unknown,rent,skilled,0
19,39,6921,4,1,2,none,critical,education,100<=X<500,>=7,female,unknown,free,skilled,0
66,28,19562,1,2,2,>=200,no credits,radio/TV,100<=X<500,unemployed,male married,savings,own,unskilled,1
45,42,7573,1,3,2,0<=X<200,no credits,car,100<=X<500,1<=X<4,female,unknown,free,unskilled,1
49,16,6107,1,3,1,none,delayed,business,100<=X<500,4<=X<7,male divorced,car,own,skilled,0
44,11,16327,4,2,2,>=200,all paid,furniture,100<=X<500,>=7,male married,real estate,own,management,1
37,23,5856,1,3,2,<0,all paid,radio/TV,>=1000,4<=X<7,male divorced,car,free,skilled,0
41,26,9184,4,2,2,>=200,no credits,education,<100,unemployed,male single,unknown,rent,unskilled,0
29,47,8486,1,1,1,none,no credits,car,unknown,>=7,male married,savings,free,skilled,1
67,41,6101,1,2,2,0<=X<200,delayed,car,100<=X<500,1<=X<4,male single,unknown,free,management,0
52,46,5117,2,1,2,0<=X<200,all paid,other,unknown,unemployed,male single,unknown,own,skilled,0
50,43,8629,3,1,2,<0,all paid,radio/TV,unknown,>=7,male single,unknown,own,skilled,0
50,39,14916,4,3,1,<0,delayed,education,>=1000,>=7,male divorced,unknown,own,skilled,0
68,22,15995,2,3,2,0<=X<200,all paid,car,100<=X<500,4<=X<7,female,unknown,rent,skilled,0
60,42,11338,1,3,2,>=200,no credits,furniture,unknown,unemployed,male divorced,real estate,free,unskilled,0
54,30,2730,4,2,2,<0,delayed,car,100<=X<500,1<=X<4,male divorced,car,free,skilled,1
29,43,18544,1,2,1,none,no credits,education,500<=X<1000,1<=X<4,male single,savings,rent,skilled,1
20,17,17632,3,3,2,none,delayed,business,500<=X<1000,unemployed,male married,unknown,free,management,0
18,28,5972,2,2,2,>=200,critical,business,500<=X<1000,unemployed,female,savings,free,skilled,0
50,58,15676,3,3,2,none,all paid,other,unknown,<1,male single,real estate,own,unskilled,1
57,47,19113,2,2,1,<0,all paid,radio/TV,500<=X<1000,4<=X<7,female,car,rent,skilled,1
27,27,15951,1,1,1,0<=X<200,all paid,education,>=1000,unemployed,male divorced,unknown,own,skilled,0
60,26,3164,3,1,2,>=200,all paid,other,>=1000,unemployed,female,real estate,rent,skilled,0
61,32,7337,3,3,1,none,critical,car,unknown,<1,female,real estate,own,unskilled,0
46,36,17547,1,2,1,none,critical,car,100<=X<500,<1,male married,car,free,skilled,1
30,11,17120,3,2,1,0<=X<200,all paid,business,<100,>=7,male single,unknown,rent,skilled,0
29,32,14091,4,1,2,none,delayed,other,100<=X<500,1<=X<4,female,car,rent,skilled,0
48,45,7540,2,1,2,<0,critical,business,100<=X<500,4<=X<7,female,car,own,management,1
63,39,8167,2,3,1,none,critical,furniture,100<=X<500,>=7,male divorced,savings,rent,skilled,0
19,17,12615,2,1,1,none,all paid,business,100<=X<500,unemployed,male divorced,savings,free,skilled,1
68,50,12071,4,3,1,<0,all paid,furniture,<100,<1,female,car,free,skilled,0
67,58,12116,2,1,2,none,all paid,car,500<=X<1000,1<=X<4,male single,savings,free,skilled,0
52,12,8934,1,1,2,<0,critical,other,100<=X<500,>=7,female,real estate,own,skilled,0
40,15,1045,3,2,1,0<=X<200,all paid,furniture,>=1000,1<=X<4,female,car,rent,management,0
34,50,19620,4,1,1,>=200,all paid,other,unknown,<1,male married,unknown,own,skilled,1
43,22,2694,2,1,1,>=200,all paid,other,unknown,>=7,male single,unknown,free,skilled,0
25,31,12877,1,3,1,none,all paid,furniture,>=1000,>=7,male married,real estate,rent,skilled,0
46,26,19303,3,1,2,>=200,all paid,radio/TV,100<=X<500,1<=X<4,male single,unknown,free,skilled,1
43,33,18468,3,3,1,0<=X<200,critical,business,<100,<1,male single,unknown,rent,skilled,1
27,51,12530,4,1,2,none,no credits,furniture,500<=X<1000,unemployed,male single,car,rent,skilled,1
43,7,5379,4,1,1,none,all paid,car,unknown,>=7,male married,real estate,own,management,0
51,59,6810,4,3,1,<0,no credits,other,500<=X<1000,unemployed,male married,car,rent,unskilled,0
68,48,6630,1,2,1,none,all paid,education,<100,<1,male married,real estate,free,skilled,0
58,6,7354,1,3,1,<0,all paid,furniture,unknown,>=7,male divorced,car,rent,unemployed,0
24,56,14028,4,3,1,none,all paid,business,500<=X<1000,>=7,male married,car,free,unskilled,0
21,58,10345,2,3,2,0<=X<200,all paid,other,<100,unemployed,male divorced,savings,own,skilled,0
70,41,6688,3,2,1,<0,all paid,radio/TV,500<=X<1000,4<=X<7,male divorced,unknown,free,skilled,0
67,56,4050,3,1,1,0<=X<200,no credits,car,100<=X<500,unemployed,male divorced,real estate,rent,unskilled,0
62,31,17273,1,3,1,>=200,all paid,radio/TV,<100,unemployed,female,unknown,free,skilled,0
28,34,13764,3,3,2,0<=X<200,critical,education,500<=X<1000,4<=X<7,female,savings,free,management,1
46,26,5278,2,2,2,<0,critical,furniture,100<=X<500,<1,female,real estate,rent,unskilled,0
73,16,12368,3,3,2,>=200,all paid,other,100<=X<500,<1,male divorced,savings,free,skilled,1
53,45,5648,1,1,2,none,all paid,furniture,<100,>=7,male divorced,unknown,rent,skilled,0
42,16,17763,1,2,1,0<=X<200,critical,business,>=1000,1<=X<4,male single,car,own,management,0
38,41,9274,2,1,1,0<=X<200,no credits,furniture,unknown,1<=X<4,male divorced,savings,free,unskilled,0
74,54,6606,2,1,1,0<=X<200,delayed,car,<100,>=7,female,savings,own,skilled,0
53,44,9000,3,2,2,<0,critical,education,100<=X<500,1<=X<4,male divorced,car,free,skilled,0
27,45,14283,3,3,1,none,no credits,radio/TV,100<=X<500,unemployed,male divorced,unknown,free,skilled,0
54,40,1838,1,1,1,none,all paid,education,<100,unemployed,male single,savings,own,management,0
26,59,10540,2,1,2,>=200,critical,other,>=1000,4<=X<7,male divorced,unknown,free,management,0
41,39,1582,2,1,2,0<=X<200,all paid,furniture,unknown,4<=X<7,male married,car,free,unskilled,0
52,52,1603,2,1,2,none,no credits,other,500<=X<1000,>=7,male single,real estate,own,skilled,0
66,29,9211,3,2,1,>=200,all paid,radio/TV,<100,>=7,male divorced,savings,free,skilled,0
52,59,3492,2,2,1,none,all paid,other,unknown,>=7,male divorced,unknown,rent,skilled,0
65,27,9211,1,1,2,>=200,delayed,business,unknown,unemployed,male single,car,free,skilled,0
53,10,619,1,3,1,none,delayed,education,100<=X<500,1<=X<4,male divorced,car,free,skilled,0
35,38,12611,3,1,2,>=200,critical,radio/TV,500<=X<1000,>=7,female,savings,free,skilled,1
66,41,4717,4,3,2,0<=X<200,all paid,radio/TV,<100,>=7,male married,real estate,own,management,0
56,52,19886,3,1,1,none,all paid,radio/TV,100<=X<500,unemployed,male married,savings,rent,unskilled,1
49,25,15622,4,3,2,>=200,all paid,car,100<=X<500,unemployed,female,unknown,rent,management,1
41,24,9900,2,1,2,>=200,all paid,education,>=1000,unemployed,male divorced,car,free,skilled,0
40,40,5893,3,3,2,0<=X<200,all paid,other,unknown,1<=X<4,male divorced,real estate,own,skilled,0
49,57,967,1,1,1,>=200,critical,radio/TV,<100,>=7,male married,unknown,own,management,0
54,48,18628,2,1,2,>=200,critical,education,<100,<1,male divorced,savings,rent,skilled,0
29,22,15018,1,3,2,<0,all paid,radio/TV,<100,<1,male married,car,own,skilled,0
66,50,1749,2,2,2,<0,delayed,business,100<=X<500,>=7,male married,savings,free,skilled,0
72,48,10156,3,3,2,>=200,all paid,business,>=1000,>=7,female,real estate,free,skilled,0
30,39,6340,4,2,2,none,all paid,business,500<=X<1000,>=7,male married,real estate,own,management,0
40,14,11037,2,1,2,>=200,delayed,furniture,100<=X<500,>=7,male divorced,real estate,free,management,1
42,31,3916,4,3,2,0<=X<200,all paid,radio/TV,500<=X<1000,1<=X<4,male divorced,real estate,rent,unskilled,0
52,7,4681,2,3,1,>=200,critical,furniture,>=1000,<1,male single,real estate,free,unskilled,0
58,58,6748,1,3,1,<0,delayed,education,unknown,4<=X<7,male divorced,savings,own,skilled,0
47,14,18877,1,2,2,0<=X<200,all paid,furniture,<100,<1,male single,real estate,rent,unskilled,1
34,14,5037,2,2,1,<0,delayed,education,500<=X<1000,<1,male married,real estate,free,skilled,0
66,45,7958,4,1,1,<0,all paid,education,100<=X<500,unemployed,male divorced,car,rent,unskilled,0
37,22,11100,3,2,2,0<=X<200,all paid,education,500<=X<1000,>=7,female,real estate,own,skilled,0
65,6,8193,3,2,1,0<=X<200,all paid,other,unknown,>=7,female,car,free,unskilled,0
42,30,5742,1,1,2,<0,all paid,furniture,<100,>=7,female,car,free,skilled,0
39,48,15028,3,3,2,0<=X<200,delayed,other,500<=X<1000,unemployed,male married,car,rent,skilled,0
30,45,16252,1,3,2,>=200,all paid,radio/TV,unknown,1<=X<4,male married,savings,free,skilled,1
36,47,2585,3,1,2,0<=X<200,delayed,furniture,100<=X<500,1<=X<4,male single,savings,free,management,1
66,30,14508,2,3,2,0<=X<200,all paid,radio/TV,>=1000,4<=X<7,female,unknown,free,management,0
53,44,871,1,2,1,none,all paid,radio/TV,100<=X<500,1<=X<4,male single,unknown,free,skilled,0
29,40,363,1,1,2,<0,delayed,education,<100,1<=X<4,male single,car,own,unskilled,0
58,8,8856,2,1,1,>=200,all paid,furniture,100<=X<500,>=7,male divorced,savings,free,management,0
36,55,11434,1,1,2,<0,all paid,radio/TV,100<=X<500,<1,male divorced,real estate,rent,management,0
29,42,4995,3,3,2,<0,all paid,business,100<=X<500,1<=X<4,female,unknown,own,management,0
26,49,10834,3,1,2,>=200,all paid,radio/TV,100<=X<500,1<=X<4,male married,savings,rent,unskilled,0
24,49,4998,1,1,1,>=200,no credits,business,<100,unemployed,male divorced,real estate,rent,unemployed,1
45,56,18939,3,1,2,none,delayed,furniture,unknown,4<=X<7,male married,real estate,rent,skilled,1
31,35,10949,4,3,2,>=200,all paid,other,500<=X<1000,unemployed,male single,savings,own,skilled,1
48,43,6027,1,2,2,none,all paid,furniture,>=1000,>=7,male single,unknown,own,management,0
69,39,4919,2,1,2,<0,critical,other,500<=X<1000,<1,male single,savings,own,skilled,0
36,17,793,4,2,1,<0,all paid,other,500<=X<1000,4<=X<7,male single,unknown,free,management,0
64,24,7594,1,3,2,<0,critical,furniture,>=1000,unemployed,female,car,rent,skilled,1
33,42,14256,2,3,1,<0,all paid,radio/TV,<100,1<=X<4,male single,savings,own,management,1
70,49,10836,3,3,2,>=200,all paid,car,>=1000,1<=X<4,male divorced,savings,rent,skilled,0
22,54,19256,2,3,1,>=200,critical,radio/TV,<100,4<=X<7,male single,unknown,own,management,1
52,22,216,4,2,1,<0,all paid,radio/TV,500<=X<1000,1<=X<4,male married,unknown,own,unskilled,0
29,15,3391,3,1,2,none,delayed,education,<100,unemployed,male divorced,savings,own,skilled,0
42,54,592,1,3,2,none,all paid,education,unknown,unemployed,male married,real estate,rent,skilled,0
69,52,6472,3,3,1,0<=X<200,no credits,radio/TV,>=1000,1<=X<4,male married,real estate,free,skilled,0
38,17,17155,1,2,2,<0,all paid,business,unknown,1<=X<4,female,real estate,own,skilled,0
53,21,3831,1,2,2,<0,all paid,other,500<=X<1000,>=7,female,car,own,skilled,0
70,29,6372,2,3,2,<0,critical,education,>=1000,<1,male married,car,own,unskilled,0
40,24,9512,2,1,1,<0,all paid,radio/TV,500<=X<1000,4<=X<7,male married,unknown,free,skilled,0
33,13,18863,2,1,2,>=200,critical,car,unknown,unemployed,male single,car,rent,skilled,0
74,36,9106,4,3,2,0<=X<200,critical,business,500<=X<1000,4<=X<7,male divorced,real estate,rent,management,0
56,26,17359,4,2,2,0<=X<200,all paid,furniture,>=1000,>=7,male single,savings,rent,unskilled,1
62,22,18831,2,3,1,none,all paid,radio/TV,>=1000,unemployed,female,car,rent,unskilled,0
70,28,16662,4,3,2,>=200,critical,radio/TV,500<=X<1000,>=7,female,car,own,skilled,0
59,42,8280,3,2,1,none,critical,other,>=1000,>=7,male single,real estate,free,skilled,0
56,59,7299,3,3,2,<0,all paid,business,>=1000,1<=X<4,male divorced,car,own,skilled,1
31,21,15116,4,3,1,0<=X<200,all paid,education,500<=X<1000,4<=X<7,male married,unknown,free,skilled,0
48,11,7283,4,3,2,>=200,all paid,education,unknown,4<=X<7,male single,savings,rent,management,1
22,13,9423,3,2,2,<0,delayed,education,>=1000,1<=X<4,female,real estate,free,skilled,0
52,30,5140,1,1,1,<0,all paid,furniture,>=1000,4<=X<7,male divorced,unknown,own,skilled,0
40,23,19855,3,1,1,>=200,delayed,business,>=1000,1<=X<4,female,real estate,own,unskilled,0
46,30,3656,3,2,1,>=200,no credits,business,>=1000,unemployed,male divorced,unknown,rent,skilled,0
60,17,7988,4,1,2,0<=X<200,no credits,education,500<=X<1000,>=7,male divorced,savings,own,unskilled,0
28,20,2911,3,3,2,0<=X<200,all paid,education,unknown,>=7,male divorced,savings,own,skilled,0
35,31,11480,4,1,2,0<=X<200,all paid,other,unknown,4<=X<7,male single,unknown,free,skilled,0
64,46,18252,4,3,2,<0,all paid,car,<100,<1,male single,unknown,own,skilled,1
29,50,16731,2,1,1,0<=X<200,all paid,car,>=1000,>=7,male single,unknown,rent,skilled,0
26,31,12289,3,2,2,<0,all paid,radio/TV,>=1000,1<=X<4,male divorced,unknown,rent,management,0
27,52,10342,1,1,2,<0,all paid,radio/TV,<100,<1,male divorced,unknown,own,unskilled,1
61,37,16949,2,1,2,none,all paid,business,unknown,<1,female,unknown,rent,skilled,1
34,15,15787,4,1,2,>=200,critical,business,100<=X<500,>=7,male married,savings,free,unskilled,0
55,21,10066,4,2,2,none,all paid,furniture,100<=X<500,>=7,male single,unknown,free,skilled,0
24,12,4731,1,1,2,0<=X<200,all paid,furniture,unknown,>=7,male divorced,car,own,management,0
63,22,12886,4,2,2,0<=X<200,all paid,car,>=1000,1<=X<4,female,savings,own,skilled,0
30,28,5530,3,3,1,0<=X<200,critical,radio/TV,100<=X<500,<1,female,real estate,free,skilled,0
57,31,5710,2,1,2,<0,all paid,car,500<=X<1000,4<=X<7,female,savings,rent,management,0
59,26,9164,4,2,2,<0,delayed,car,500<=X<1000,1<=X<4,male single,real estate,own,skilled,0
26,27,6693,4,2,2,none,delayed,radio/TV,<100,unemployed,male single,real estate,own,skilled,0
67,12,10959,1,1,2,>=200,delayed,furniture,unknown,>=7,male married,car,rent,skilled,0
44,19,5639,3,3,1,>=200,no credits,other,unknown,<1,female,unknown,own,skilled,1
19,20,14673,4,2,1,0<=X<200,delayed,other,100<=X<500,1<=X<4,male single,unknown,rent,unskilled,1
22,58,9965,1,1,1,none,no credits,other,>=1000,unemployed,female,savings,rent,management,0
46,12,13479,4,3,1,<0,all paid,radio/TV,unknown,1<=X<4,male divorced,unknown,rent,skilled,0
54,14,6711,1,2,1,0<=X<200,delayed,education,100<=X<500,1<=X<4,female,car,rent,unskilled,0
55,56,11683,1,2,1,0<=X<200,all paid,education,100<=X<500,4<=X<7,male married,savings,rent,skilled,1
36,53,17830,3,3,2,none,delayed,education,unknown,4<=X<7,male single,savings,free,skilled,0
25,13,2576,4,3,1,none,no credits,business,100<=X<500,1<=X<4,male divorced,savings,rent,unskilled,0
65,55,19593,3,1,1,0<=X<200,delayed,furniture,<100,unemployed,male single,unknown,free,skilled,1
62,28,12024,1,1,2,none,all paid,furniture,<100,<1,male divorced,unknown,rent,management,0
18,34,18411,2,2,1,none,all paid,business,unknown,<1,female,unknown,own,management,1
39,23,7179,4,3,2,0<=X<200,all paid,car,>=1000,>=7,female,savings,free,management,0
69,36,10032,2,3,2,0<=X<200,critical,other,<100,>=7,male married,savings,own,management,0
34,35,12704,4,3,1,0<=X<200,no credits,education,<100,<1,male married,real estate,rent,unskilled,1
24,57,7110,3,2,2,none,all paid,other,unknown,1<=X<4,male divorced,real estate,rent,skilled,0
42,44,14289,3,3,1,<0,all paid,education,500<=X<1000,1<=X<4,male married,unknown,own,management,0
62,40,2396,3,3,1,none,delayed,other,100<=X<500,4<=X<7,male married,savings,rent,skilled,0
21,23,6178,3,2,2,0<=X<200,all paid,car,<100,4<=X<7,male married,unknown,own,skilled,0
53,47,17353,3,1,2,none,all paid,other,500<=X<1000,>=7,male married,unknown,rent,skilled,0
23,44,980,2,1,1,0<=X<200,all paid,other,>=1000,<1,female,real estate,rent,skilled,0
48,22,10108,3,2,2,>=200,all paid,radio/TV,500<=X<1000,1<=X<4,male married,car,free,management,0
36,19,6503,1,3,2,none,all paid,other,unknown,<1,female,unknown,own,skilled,0
61,36,14886,1,2,1,none,all paid,radio/TV,>=1000,unemployed,female,car,rent,skilled,0
71,29,4183,2,1,1,none,delayed,furniture,>=1000,<1,male single,car,own,unemployed,0
56,40,9703,4,1,2,<0,all paid,business,500<=X<1000,unemployed,female,savings,free,skilled,0
44,49,17105,1,2,1,>=200,all paid,other,unknown,4<=X<7,female,savings,own,unskilled,0
27,50,13270,4,2,1,<0,all paid,furniture,<100,4<=X<7,male married,unknown,free,skilled,0
43,39,12432,2,1,1,0<=X<200,critical,radio/TV,500<=X<1000,>=7,female,real estate,own,management,1
36,8,4783,4,2,1,>=200,critical,other,<100,<1,male divorced,real estate,own,skilled,0
56,42,6146,4,1,1,0<=X<200,delayed,other,500<=X<1000,<1,male married,unknown,free,skilled,0
20,48,16577,4,2,1,>=200,all paid,car,<100,unemployed,male married,unknown,rent,skilled,0
62,45,7328,4,2,1,none,no credits,furniture,500<=X<1000,4<=X<7,male married,real estate,rent,skilled,0
30,31,12089,2,2,2,<0,all paid,education,>=1000,unemployed,male single,car,rent,management,0
67,28,12475,1,1,1,>=200,all paid,education,100<=X<500,4<=X<7,male married,unknown,own,management,0
45,49,2661,3,2,2,0<=X<200,all paid,car,>=1000,unemployed,female,car,own,unskilled,0
37,44,14491,4,1,2,<0,delayed,radio/TV,<100,4<=X<7,male divorced,unknown,rent,unskilled,1
45,20,14236,1,1,2,<0,critical,education,unknown,unemployed,male married,unknown,own,management,0
25,54,11635,1,2,1,none,delayed,education,>=1000,4<=X<7,male married,car,own,management,0
58,9,885,2,2,1,none,all paid,business,100<=X<500,unemployed,male divorced,car,rent,management,0
56,34,18744,1,1,2,none,delayed,furniture,<100,<1,male married,real estate,free,management,1
18,27,12458,2,1,1,none,all paid,radio/TV,>=1000,>=7,male single,unknown,own,skilled,1
20,30,16190,4,3,2,0<=X<200,no credits,other,500<=X<1000,unemployed,female,savings,own,skilled,0
30,18,16622,4,1,1,0<=X<200,delayed,furniture,unknown,>=7,male divorced,savings,own,skilled,0
45,23,10936,3,3,1,>=200,no credits,radio/TV,<100,<1,male divorced,unknown,own,unskilled,0
74,38,5075,3,3,2,0<=X<200,all paid,education,>=1000,<1,male single,unknown,free,skilled,0
66,21,17840,3,3,2,0<=X<200,all paid,business,<100,4<=X<7,female,unknown,rent,skilled,0
42,50,11382,1,2,2,0<=X<200,delayed,furniture,500<=X<1000,>=7,male single,car,own,skilled,0
73,47,2396,4,2,1,>=200,delayed,education,100<=X<500,1<=X<4,female,savings,rent,skilled,0
50,49,7365,2,1,2,>=200,all paid,radio/TV,>=1000,4<=X<7,male single,savings,own,skilled,0
55,7,16197,3,3,1,<0,delayed,furniture,<100,>=7,male married,savings,free,unskilled,1
70,40,14415,2,2,1,0<=X<200,all paid,other,<100,unemployed,male single,unknown,rent,skilled,0
23,47,501,2,2,1,>=200,all paid,furniture,<100,unemployed,male divorced,car,free,unskilled,0
61,39,17230,3,2,2,>=200,delayed,education,100<=X<500,<1,male divorced,unknown,own,unskilled,1
62,35,14771,4,2,2,0<=X<200,delayed,furniture,<100,1<=X<4,male divorced,real estate,free,management,0
49,18,10151,3,2,2,none,critical,other,unknown,unemployed,male single,real estate,free,unskilled,0
62,18,10973,2,3,1,<0,all paid,business,unknown,>=7,male divorced,savings,own,skilled,0
64,23,16340,3,3,1,0<=X<200,delayed,business,<100,>=7,male divorced,unknown,own,skilled,0
38,37,13257,2,3,2,none,delayed,education,unknown,unemployed,male married,real estate,rent,skilled,0
33,37,12700,2,3,1,>=200,critical,radio/TV,>=1000,>=7,male married,real estate,own,unskilled,0
71,40,16121,3,1,1,0<=X<200,all paid,education,unknown,>=7,female,unknown,rent,skilled,1
38,44,12070,1,3,2,>=200,delayed,business,<100,<1,female,car,free,skilled,0
28,51,4282,3,2,2,>=200,all paid,car,500<=X<1000,1<=X<4,female,unknown,free,skilled,1
54,57,13918,1,3,2,none,all paid,car,>=1000,<1,male single,unknown,rent,skilled,1
53,34,10717,2,1,1,none,all paid,furniture,100<=X<500,1<=X<4,female,car,own,management,0
52,54,3954,2,2,1,>=200,all paid,other,<100,>=7,male single,savings,own,management,0
36,34,1924,1,3,1,0<=X<200,all paid,furniture,100<=X<500,1<=X<4,male single,savings,free,skilled,0
37,58,1576,2,3,1,<0,critical,car,500<=X<1000,>=7,female,savings,rent,unskilled,0
74,49,8906,1,3,1,0<=X<200,all paid,business,100<=X<500,>=7,female,car,free,skilled,0
35,21,9094,1,2,2,0<=X<200,delayed,furniture,<100,<1,male single,real estate,free,skilled,0
64,49,18237,2,2,1,>=200,all paid,education,<100,<1,male married,car,own,unskilled,0
58,52,18650,4,1,1,>=200,no credits,other,500<=X<1000,4<=X<7,male divorced,unknown,rent,skilled,1
66,15,16606,1,2,1,0<=X<200,all paid,education,<100,unemployed,male divorced,car,free,skilled,0
31,35,19044,3,2,2,<0,all paid,other,500<=X<1000,4<=X<7,male divorced,real estate,own,skilled,1
32,30,6126,3,3,2,0<=X<200,all paid,business,500<=X<1000,4<=X<7,male married,real estate,free,skilled,0
48,44,6451,2,2,2,0<=X<200,all paid,furniture,<100,1<=X<4,male single,unknown,free,management,0
18,25,9696,4,3,1,none,all paid,other,unknown,>=7,female,savings,own,skilled,1
70,10,3500,2,3,2,<0,all paid,education,500<=X<1000,>=7,male single,real estate,own,management,0
71,6,8753,4,2,2,>=200,all paid,furniture,<100,>=7,male single,real estate,rent,unskilled,1
71,35,3927,1,1,2,none,all paid,furniture,unknown,unemployed,female,real estate,free,management,0
20,54,17098,1,1,1,<0,all paid,education,500<=X<1000,1<=X<4,male married,unknown,rent,unskilled,1
33,8,17032,1,2,2,0<=X<200,critical,car,unknown,1<=X<4,male divorced,real estate,own,unskilled,0
40,50,6219,1,1,1,<0,critical,other,>=1000,>=7,male divorced,savings,own,skilled,0
74,19,15663,3,3,1,>=200,delayed,education,>=1000,4<=X<7,male single,unknown,free,skilled,0
28,35,10247,3,3,2,>=200,all paid,business,unknown,unemployed,male married,savings,rent,management,0
29,55,11954,2,2,1,0<=X<200,delayed,radio/TV,500<=X<1000,4<=X<7,male divorced,real estate,rent,skilled,0
27,9,2720,4,1,2,>=200,delayed,education,<100,<1,male married,real estate,free,skilled,0
49,23,3281,1,1,1,none,delayed,furniture,100<=X<500,1<=X<4,female,savings,free,skilled,0
33,42,1628,1,3,2,<0,all paid,furniture,<100,1<=X<4,male single,unknown,rent,skilled,0
25,30,4167,4,2,2,<0,delayed,education,100<=X<500,4<=X<7,male single,unknown,own,skilled,0
55,53,6645,4,1,2,none,delayed,radio/TV,100<=X<500,unemployed,male married,savings,own,skilled,0
29,6,14766,2,2,1,>=200,all paid,education,500<=X<1000,1<=X<4,male divorced,real estate,free,skilled,0
41,58,14242,4,1,2,none,delayed,radio/TV,unknown,4<=X<7,male married,car,rent,management,1
45,51,11529,1,3,1,>=200,all paid,radio/TV,<100,unemployed,female,savings,rent,management,0
70,20,2359,1,3,2,none,all paid,business,unknown,4<=X<7,male divorced,savings,rent,skilled,0
25,14,5332,1,2,1,0<=X<200,no credits,other,>=1000,unemployed,male divorced,savings,own,skilled,0
45,20,19131,1,3,1,none,delayed,furniture,500<=X<1000,>=7,male married,real estate,own,skilled,0
53,54,19563,1,1,2,none,no credits,furniture,500<=X<1000,unemployed,female,unknown,rent,skilled,1
43,29,15133,2,3,2,>=200,all paid,radio/TV,>=1000,<1,male divorced,real estate,rent,skilled,1
25,9,10673,1,2,2,<0,all paid,furniture,<100,>=7,male single,savings,free,unemployed,0
67,17,19233,2,2,2,0<=X<200,all paid,car,>=1000,4<=X<7,female,real estate,free,skilled,1
45,42,11005,1,2,2,<0,all paid,radio/TV,<100,>=7,male divorced,real estate,rent,management,0
45,42,3283,3,1,1,0<=X<200,delayed,furniture,100<=X<500,>=7,male married,savings,rent,management,1
54,48,17621,3,1,2,0<=X<200,delayed,car,500<=X<1000,4<=X<7,male divorced,real estate,own,management,1
58,11,14144,3,1,2,>=200,all paid,business,<100,4<=X<7,male single,car,rent,management,0
53,44,7804,3,1,1,>=200,all paid,furniture,unknown,<1,female,real estate,free,skilled,1
44,51,15579,2,1,2,0<=X<200,all paid,car,unknown,4<=X<7,male divorced,real estate,own,skilled,0
71,29,19218,2,3,2,>=200,critical,education,500<=X<1000,1<=X<4,male single,unknown,free,skilled,1
34,16,4183,4,1,1,<0,all paid,other,>=1000,1<=X<4,male divorced,unknown,free,unskilled,0
26,18,1978,1,1,2,<0,all paid,education,>=1000,<1,male divorced,savings,own,skilled,0
50,39,5310,3,3,2,<0,all paid,car,<100,unemployed,female,savings,free,skilled,0
70,30,12287,2,1,2,>=200,delayed,radio/TV,>=1000,unemployed,male married,unknown,rent,skilled,1
37,12,17708,1,2,1,0<=X<200,critical,radio/TV,500<=X<1000,1<=X<4,male married,car,free,management,0
30,57,17281,1,1,2,0<=X<200,delayed,furniture,<100,4<=X<7,male single,real estate,own,management,1
45,9,2379,2,1,1,0<=X<200,delayed,education,100<=X<500,<1,male single,car,own,unskilled,0
65,13,9796,3,2,2,none,no credits,radio/TV,>=1000,unemployed,male single,car,own,skilled,1
46,25,5451,4,2,1,<0,all paid,radio/TV,>=1000,unemployed,female,unknown,free,skilled,0
30,34,9435,1,2,2,>=200,no credits,education,<100,>=7,male married,savings,rent,skilled,0
63,59,18513,4,2,1,>=200,all paid,business,unknown,1<=X<4,male single,real estate,own,skilled,1
52,58,15071,3,1,1,none,all paid,radio/TV,>=1000,4<=X<7,male single,savings,rent,skilled,0
23,56,1213,3,2,1,none,all paid,other,500<=X<1000,<1,male divorced,car,own,skilled,1
35,50,16810,4,2,1,<0,all paid,car,>=1000,unemployed,male divorced,car,rent,management,1
68,51,2028,3,3,1,<0,critical,furniture,100<=X<500,>=7,male single,savings,rent,management,0
22,15,8109,1,2,1,none,delayed,radio/TV,>=1000,1<=X<4,male divorced,savings,rent,unskilled,0
64,48,5788,4,2,2,0<=X<200,delayed,other,unknown,1<=X<4,male divorced,unknown,own,skilled,0
42,39,13309,3,3,2,>=200,delayed,other,>=1000,<1,male divorced,savings,free,skilled,1
19,31,2223,4,3,1,>=200,all paid,radio/TV,<100,unemployed,female,savings,free,skilled,0
27,46,14737,1,1,1,>=200,delayed,business,>=1000,<1,male single,unknown,free,unskilled,0
73,54,6091,3,3,1,none,all paid,car,unknown,<1,male single,savings,rent,skilled,0
47,8,1280,1,1,1,none,delayed,furniture,<100,>=7,male divorced,car,own,skilled,0
67,11,5236,3,3,2,none,all paid,radio/TV,500<=X<1000,1<=X<4,female,savings,rent,skilled,0
62,10,15579,2,3,1,0<=X<200,critical,furniture,<100,4<=X<7,male divorced,real estate,own,skilled,0
22,10,11022,3,1,2,none,all paid,education,100<=X<500,1<=X<4,female,car,rent,skilled,0
72,59,2763,4,3,2,<0,all paid,other,<100,1<=X<4,male single,unknown,own,skilled,0
73,52,3492,3,1,1,0<=X<200,critical,other,500<=X<1000,>=7,male divorced,car,own,unskilled,0
50,28,3786,1,3,1,none,no credits,radio/TV,>=1000,4<=X<7,male single,unknown,own,management,0
71,54,16287,1,2,2,0<=X<200,delayed,radio/TV,<100,unemployed,female,real estate,rent,unskilled,1
18,14,16300,3,3,2,0<=X<200,delayed,education,<100,4<=X<7,male married,real estate,free,management,1
35,40,6843,4,1,1,<0,delayed,business,<100,unemployed,female,car,rent,skilled,0
49,25,4159,2,3,1,none,critical,radio/TV,<100,4<=X<7,male married,savings,rent,skilled,0
64,54,11205,4,1,1,>=200,critical,other,500<=X<1000,<1,male single,car,own,skilled,0
66,47,10975,2,1,2,>=200,no credits,furniture,unknown,4<=X<7,male single,car,own,unskilled,0
28,40,361,1,2,2,0<=X<200,delayed,car,unknown,>=7,male divorced,real estate,free,skilled,0
38,55,16229,4,2,1,none,delayed,furniture,<100,unemployed,male married,unknown,free,unskilled,0
43,23,17177,2,1,2,none,delayed,business,500<=X<1000,1<=X<4,female,car,own,skilled,0
42,22,14426,3,3,2,0<=X<200,all paid,car,500<=X<1000,>=7,male single,savings,free,unskilled,0
39,29,11354,1,1,1,0<=X<200,delayed,furniture,<100,unemployed,male married,real estate,free,skilled,1
44,8,12280,3,1,1,0<=X<200,critical,furniture,100<=X<500,unemployed,female,car,own,skilled,0
66,37,3590,1,3,2,none,critical,education,<100,1<=X<4,male married,car,rent,skilled,0
30,40,6197,4,3,2,>=200,all paid,business,100<=X<500,<1,female,savings,free,unskilled,0
50,43,12893,4,3,1,none,no credits,other,<100,>=7,female,car,own,unskilled,0
51,18,17247,1,3,1,0<=X<200,all paid,education,100<=X<500,1<=X<4,female,car,free,unskilled,0
58,52,9524,1,1,1,none,delayed,car,100<=X<500,1<=X<4,female,car,free,skilled,0
52,30,741,1,1,1,none,delayed,other,<100,<1,male married,car,own,skilled,0
18,14,5293,4,2,1,>=200,all paid,education,100<=X<500,>=7,male married,savings,free,skilled,0
38,9,13628,2,1,2,none,no credits,business,>=1000,1<=X<4,male divorced,car,free,skilled,0
65,19,11366,3,3,2,0<=X<200,all paid,radio/TV,unknown,<1,male married,car,free,skilled,0
72,42,17451,3,2,2,<0,all paid,radio/TV,500<=X<1000,>=7,male married,car,rent,skilled,1
23,39,16263,4,3,2,>=200,critical,car,100<=X<500,4<=X<7,male divorced,real estate,rent,skilled,1
45,16,10458,3,1,1,none,delayed,radio/TV,100<=X<500,unemployed,male married,savings,free,skilled,0
34,46,16244,1,2,1,>=200,all paid,education,500<=X<1000,<1,female,real estate,own,unskilled,1
22,8,5669,2,3,1,0<=X<200,all paid,car,100<=X<500,unemployed,male single,real estate,free,skilled,0
48,33,6456,3,2,2,>=200,no credits,other,500<=X<1000,4<=X<7,male single,savings,free,skilled,0
22,34,10920,2,2,2,0<=X<200,critical,business,<100,1<=X<4,male divorced,real estate,rent,skilled,0
55,14,1369,1,1,2,0<=X<200,all paid,car,>=1000,1<=X<4,male married,real estate,rent,skilled,0
20,8,1030,3,3,1,>=200,all paid,other,>=1000,>=7,male married,real estate,rent,skilled,0
70,30,1851,4,2,2,none,all paid,car,unknown,<1,male divorced,savings,free,skilled,0
40,39,17720,2,2,1,0<=X<200,delayed,furniture,100<=X<500,<1,male single,car,free,skilled,1
54,17,19394,1,3,1,0<=X<200,delayed,furniture,unknown,>=7,female,unknown,own,skilled,0
70,47,9718,2,2,1,0<=X<200,delayed,car,<100,unemployed,male married,unknown,free,skilled,0
54,14,13458,3,2,1,<0,all paid,radio/TV,>=1000,1<=X<4,male divorced,savings,free,skilled,0
27,20,16384,3,2,1,none,all paid,furniture,<100,1<=X<4,female,unknown,rent,skilled,1
27,45,1219,4,3,1,none,all paid,business,<100,<1,male divorced,savings,rent,management,0
36,30,10228,1,3,2,0<=X<200,delayed,other,100<=X<500,<1,male divorced,savings,rent,skilled,1
34,10,12648,1,3,1,none,no credits,education,<100,>=7,male divorced,unknown,rent,skilled,0
38,16,12685,4,3,1,none,all paid,furniture,>=1000,4<=X<7,male single,real estate,rent,skilled,0
31,39,1483,4,1,2,none,critical,car,unknown,unemployed,male single,car,own,skilled,1
26,29,17243,1,2,1,<0,critical,radio/TV,>=1000,4<=X<7,male divorced,unknown,own,unskilled,0
63,20,18594,2,3,2,none,all paid,education,100<=X<500,4<=X<7,male married,unknown,own,management,0
18,43,1933,2,2,2,0<=X<200,all paid,other,>=1000,<1,female,unknown,rent,unskilled,0
68,13,18709,4,2,2,0<=X<200,no credits,other,500<=X<1000,<1,male married,unknown,rent,skilled,0
62,10,18755,2,1,1,<0,delayed,furniture,unknown,<1,male single,savings,rent,skilled,1
30,53,16430,1,3,1,0<=X<200,delayed,other,500<=X<1000,4<=X<7,female,savings,own,management,0
21,31,14672,3,3,2,<0,all paid,other,500<=X<1000,unemployed,male divorced,car,rent,unskilled,1
18,23,13089,3,2,1,0<=X<200,all paid,radio/TV,100<=X<500,<1,male married,car,own,skilled,0
66,11,3671,2,3,1,0<=X<200,delayed,radio/TV,<100,1<=X<4,male married,unknown,rent,skilled,0
57,42,9228,4,2,2,none,critical,radio/TV,500<=X<1000,unemployed,male divorced,unknown,free,skilled,0
49,53,8529,4,2,2,none,all paid,car,>=1000,1<=X<4,male married,unknown,own,unskilled,0
51,18,2297,4,1,1,0<=X<200,all paid,other,<100,unemployed,male single,car,free,skilled,0
45,33,14282,4,1,2,none,all paid,other,>=1000,<1,male divorced,unknown,own,skilled,0
48,10,14130,4,1,2,none,all paid,other,>=1000,>=7,male married,real estate,rent,unskilled,0
25,18,10277,2,2,2,none,critical,business,<100,<1,male divorced,car,rent,skilled,1
56,22,6597,3,3,1,<0,delayed,radio/TV,<100,4<=X<7,female,real estate,free,skilled,0
43,55,2957,3,1,1,>=200,delayed,education,>=1000,4<=X<7,male divorced,unknown,rent,skilled,0
51,45,18484,2,3,1,none,no credits,furniture,100<=X<500,unemployed,male married,savings,own,management,1
71,50,19194,4,1,2,>=200,delayed,education,unknown,4<=X<7,male single,real estate,rent,skilled,1
71,37,18033,2,1,1,0<=X<200,all paid,car,unknown,<1,male divorced,car,rent,management,0
20,34,5217,3,2,2,>=200,all paid,car,100<=X<500,1<=X<4,male divorced,real estate,own,management,0
67,56,16570,1,1,1,>=200,all paid,other,<100,<1,male married,car,free,skilled,0
29,8,8199,2,1,1,>=200,no credits,education,>=1000,unemployed,male single,unknown,free,unskilled,0
18,45,10395,4,2,2,<0,delayed,other,unknown,4<=X<7,male single,real estate,rent,skilled,1
71,39,2296,3,3,1,0<=X<200,all paid,business,>=1000,1<=X<4,female,savings,own,skilled,0
61,45,15633,3,1,2,none,all paid,car,100<=X<500,>=7,female,real estate,free,skilled,0
22,32,10795,3,2,1,none,all paid,car,>=1000,1<=X<4,male married,savings,free,skilled,0
47,18,16141,3,1,1,<0,all paid,education,100<=X<500,1<=X<4,male single,car,rent,skilled,0
47,50,19915,4,2,2,none,no credits,car,<100,<1,male single,unknown,own,skilled,1
74,38,15278,1,3,2,0<=X<200,all paid,business,100<=X<500,>=7,female,unknown,free,unskilled,0
34,11,5305,3,3,2,>=200,delayed,business,100<=X<500,unemployed,female,savings,rent,management,0
65,29,19562,2,2,1,none,no credits,business,unknown,unemployed,male married,car,rent,skilled,1
64,24,3039,1,2,1,none,no credits,furniture,>=1000,1<=X<4,male single,unknown,rent,management,0
40,21,3584,3,2,1,none,all paid,business,unknown,1<=X<4,male divorced,car,rent,unskilled,0
32,45,11051,1,3,2,0<=X<200,delayed,business,500<=X<1000,4<=X<7,female,savings,free,management,1
54,33,10253,2,1,2,none,all paid,furniture,100<=X<500,>=7,male married,savings,own,unskilled,0
38,38,13693,3,3,2,<0,all paid,other,500<=X<1000,1<=X<4,male single,real estate,rent,skilled,0
31,53,17269,2,2,1,none,all paid,radio/TV,unknown,4<=X<7,male single,unknown,rent,unskilled,0
19,46,14339,4,2,1,none,all paid,car,>=1000,>=7,female,unknown,free,skilled,1
28,18,7731,3,3,2,>=200,no credits,business,unknown,unemployed,male married,real estate,rent,management,1
68,48,4483,3,2,1,0<=X<200,delayed,car,>=1000,4<=X<7,male divorced,savings,rent,skilled,0
56,50,7936,3,3,2,none,delayed,education,>=1000,>=7,female,savings,own,management,1
55,30,7910,3,2,1,<0,all paid,car,<100,4<=X<7,male married,savings,rent,skilled,0
51,58,1819,4,1,1,<0,delayed,other,100<=X<500,1<=X<4,male single,savings,free,skilled,0
55,47,14175,3,1,2,none,delayed,furniture,unknown,<1,male divorced,car,own,management,1
67,41,13035,1,2,1,0<=X<200,all paid,car,>=1000,unemployed,male married,unknown,free,skilled,1
51,32,15461,3,3,1,none,all paid,car,unknown,1<=X<4,male divorced,unknown,own,skilled,1
35,43,1631,4,1,2,0<=X<200,all paid,car,unknown,1<=X<4,male married,savings,own,management,0
47,12,9267,3,3,2,<0,all paid,radio/TV,>=1000,>=7,male married,savings,rent,management,0
32,10,4913,1,2,1,none,delayed,radio/TV,500<=X<1000,4<=X<7,male married,savings,rent,management,0
44,48,9757,4,3,2,>=200,critical,education,100<=X<500,unemployed,male married,unknown,rent,management,0
68,50,9635,4,1,1,<0,critical,furniture,100<=X<500,1<=X<4,male divorced,unknown,free,unskilled,0
51,56,5198,1,3,2,none,delayed,car,<100,>=7,female,savings,rent,management,0
69,36,362,1,3,1,>=200,all paid,car,<100,unemployed,male divorced,car,rent,skilled,0
74,28,2174,1,2,1,>=200,all paid,car,<100,4<=X<7,male married,real estate,own,unemployed,0
55,47,19875,1,2,2,0<=X<200,delayed,car,100<=X<500,1<=X<4,male divorced,real estate,rent,skilled,0
50,15,8661,1,2,1,none,all paid,radio/TV,500<=X<1000,1<=X<4,male divorced,real estate,rent,skilled,0
41,37,17215,4,1,1,none,delayed,other,100<=X<500,1<=X<4,male divorced,unknown,rent,skilled,0
32,48,17489,4,1,2,none,delayed,other,100<=X<500,unemployed,male married,unknown,rent,skilled,1
47,58,2214,3,2,2,<0,delayed,education,100<=X<500,unemployed,male divorced,real estate,own,unskilled,0
72,35,10033,3,2,1,none,delayed,business,100<=X<500,unemployed,male single,real estate,rent,management,1
59,44,8096,2,1,2,>=200,no credits,furniture,500<=X<1000,unemployed,male married,car,own,management,0
68,36,404,3,1,2,>=200,delayed,other,<100,>=7,male divorced,unknown,free,unskilled,0
34,23,17165,3,1,1,0<=X<200,critical,car,unknown,<1,male single,unknown,rent,skilled,1
22,41,9232,1,1,1,none,all paid,other,<100,>=7,male divorced,real estate,rent,skilled,0
46,7,5547,1,2,2,none,delayed,education,<100,1<=X<4,female,car,rent,skilled,0
21,19,2843,3,1,2,<0,all paid,business,unknown,>=7,male divorced,car,own,skilled,0
27,18,8217,2,2,2,0<=X<200,critical,other,100<=X<500,4<=X<7,male divorced,real estate,rent,management,0
73,34,18881,1,3,1,none,no credits,education,500<=X<1000,unemployed,female,real estate,rent,skilled,0
34,17,17458,3,3,1,<0,all paid,radio/TV,500<=X<1000,4<=X<7,male married,unknown,free,skilled,0
27,44,5760,3,1,1,none,all paid,business,<100,4<=X<7,female,real estate,own,skilled,1
34,7,16092,4,3,1,>=200,delayed,education,unknown,1<=X<4,male married,savings,own,unskilled,1
37,37,14731,2,3,1,>=200,all paid,other,>=1000,unemployed,female,car,free,skilled,0
41,18,17273,4,3,1,0<=X<200,all paid,radio/TV,100<=X<500,4<=X<7,male divorced,real estate,own,unskilled,0
22,51,4200,2,1,1,0<=X<200,all paid,education,<100,1<=X<4,male divorced,savings,rent,skilled,0
51,32,14489,1,1,2,none,critical,education,500<=X<1000,unemployed,male married,car,rent,skilled,0
23,54,17255,2,3,2,0<=X<200,all paid,other,unknown,<1,male married,savings,free,management,0
